{
  "type": "FeatureCollection",
  "features": [
    {
      "type": "Feature",
      "geometry": {
        "type": "Polygon",
        "coordinates": [
          [
            [
              -70.0528,
              12.5287
            ],
            [
              -69.9275,
              12.4485
            ],
            [
              -69.9042,
              12.3425
            ],
            [
              -70.0528,
              12.4256
            ],
            [
              -70.0528,
              12.5287
            ]
          ]
        ]
      },
      "properties": {
        "name": "Aruba",
        "id": "AW",
        "CNTRY": "Aruba",
        "TYPE": "Nation"
      },
      "id": "AW"
    },
    {
      "type": "Feature",
      "geometry": {
        "type": "Polygon",
        "coordinates": [
          [
            [
              -68.2489,
              12.162
            ],
            [
              -68.2576,
              11.9813
            ],
            [
              -68.3218,
              11.9927
            ],
            [
              -68.3276,
              12.0874
            ],
            [
              -68.3975,
              12.1591
            ],
            [
              -68.3917,
              12.2451
            ],
            [
              -68.2489,
              12.162
            ]
          ]
        ]
      },
      "properties": {
        "name": "Bonaire, Saint Eustachius and Saba",
        "id": "BQ",
        "CNTRY": "Bonaire, Saint Eustachius and Saba",
        "TYPE": "Nation"
      },
      "id": "BQ"
    },
    {
      "type": "Feature",
      "geometry": {
        "type": "Polygon",
        "coordinates": [
          [
            [
              -68.9687,
              12.1362
            ],
            [
              -68.8725,
              12.1017
            ],
            [
              -68.8172,
              11.9899
            ],
            [
              -68.9221,
              11.987
            ],
            [
              -69.0998,
              12.1218
            ],
            [
              -69.1989,
              12.268
            ],
            [
              -69.1261,
              12.2995
            ],
            [
              -69.0707,
              12.1906
            ],
            [
              -68.9687,
              12.1362
            ]
          ]
        ]
      },
      "properties": {
        "name": "Curaçao",
        "id": "CW",
        "CNTRY": "Curaçao",
        "TYPE": "Nation"
      },
      "id": "CW"
    },
    {
      "type": "Feature",
      "geometry": {
        "type": "Polygon",
        "coordinates": [
          [
            [
              -66.8285,
              10.5308
            ],
            [
              -66.8342,
              10.4706
            ],
            [
              -66.9851,
              10.3848
            ],
            [
              -67.0885,
              10.3848
            ],
            [
              -67.1348,
              10.4277
            ],
            [
              -67.0326,
              10.548
            ],
            [
              -66.8342,
              10.5314
            ],
            [
              -66.8285,
              10.5308
            ]
          ]
        ]
      },
      "properties": {
        "name": "Distrito Capital",
        "id": "VE-A",
        "CNTRY": "Venezuela",
        "TYPE": "Capital District"
      },
      "id": "VE-A"
    },
    {
      "type": "Feature",
      "geometry": {
        "type": "Polygon",
        "coordinates": [
          [
            [
              -62.6925,
              8.4076
            ],
            [
              -62.8652,
              8.2919
            ],
            [
              -63.0944,
              8.3559
            ],
            [
              -63.2062,
              8.3559
            ],
            [
              -63.2593,
              8.3031
            ],
            [
              -63.522,
              8.1499
            ],
            [
              -63.6813,
              8.1583
            ],
            [
              -63.8155,
              8.0914
            ],
            [
              -63.8909,
              7.98
            ],
            [
              -63.9748,
              7.9271
            ],
            [
              -64.0977,
              7.941
            ],
            [
              -64.2263,
              8.058
            ],
            [
              -64.4136,
              7.9911
            ],
            [
              -64.5142,
              8.0106
            ],
            [
              -64.6064,
              7.9326
            ],
            [
              -64.5533,
              7.757
            ],
            [
              -64.6483,
              7.7515
            ],
            [
              -64.7741,
              7.6678
            ],
            [
              -64.9306,
              7.6511
            ],
            [
              -65.0564,
              7.7598
            ],
            [
              -65.3275,
              7.849
            ],
            [
              -65.4255,
              7.8631
            ],
            [
              -65.4923,
              7.9103
            ],
            [
              -65.484,
              8.0385
            ],
            [
              -65.4001,
              8.1666
            ],
            [
              -65.2045,
              8.3949
            ],
            [
              -65.157,
              8.5619
            ],
            [
              -65.1738,
              8.6815
            ],
            [
              -65.1262,
              8.7426
            ],
            [
              -64.953,
              8.7454
            ],
            [
              -64.8551,
              8.6954
            ],
            [
              -64.7964,
              8.8149
            ],
            [
              -64.8048,
              8.9039
            ],
            [
              -64.9725,
              9.0011
            ],
            [
              -64.9725,
              9.0567
            ],
            [
              -65.0759,
              9.1345
            ],
            [
              -65.1794,
              9.1622
            ],
            [
              -65.3107,
              9.3261
            ],
            [
              -65.2045,
              9.4149
            ],
            [
              -65.4421,
              9.6036
            ],
            [
              -65.551,
              9.5564
            ],
            [
              -65.66,
              9.5675
            ],
            [
              -65.6964,
              9.6452
            ],
            [
              -65.6852,
              9.7977
            ],
            [
              -65.7282,
              9.9224
            ],
            [
              -65.7199,
              9.9529
            ],
            [
              -65.5885,
              9.9972
            ],
            [
              -65.4432,
              10.1397
            ],
            [
              -65.0902,
              10.0578
            ],
            [
              -64.9993,
              10.0802
            ],
            [
              -64.8338,
              10.0795
            ],
            [
              -64.7416,
              10.1108
            ],
            [
              -64.7235,
              10.177
            ],
            [
              -64.6403,
              10.2282
            ],
            [
              -64.4871,
              10.2424
            ],
            [
              -64.4253,
              10.1445
            ],
            [
              -64.28,
              10.0781
            ],
            [
              -64.1793,
              10.0781
            ],
            [
              -64.0703,
              10.1224
            ],
            [
              -63.9455,
              10.0975
            ],
            [
              -64.0511,
              10.0393
            ],
            [
              -64.0567,
              9.9589
            ],
            [
              -63.9812,
              9.9118
            ],
            [
              -63.9253,
              9.8176
            ],
            [
              -63.9449,
              9.715
            ],
            [
              -63.8806,
              9.6513
            ],
            [
              -63.8498,
              9.5514
            ],
            [
              -63.9728,
              9.4071
            ],
            [
              -63.8918,
              9.2045
            ],
            [
              -63.7772,
              9.235
            ],
            [
              -63.6794,
              9.1906
            ],
            [
              -63.52,
              9.0517
            ],
            [
              -63.3552,
              8.9322
            ],
            [
              -63.2629,
              8.7404
            ],
            [
              -62.9723,
              8.7682
            ],
            [
              -63.0645,
              8.6292
            ],
            [
              -63.003,
              8.5708
            ],
            [
              -62.69,
              8.4595
            ],
            [
              -62.6925,
              8.4076
            ]
          ]
        ]
      },
      "properties": {
        "name": "Anzoátegui",
        "id": "VE-B",
        "CNTRY": "Venezuela",
        "TYPE": "State"
      },
      "id": "VE-B"
    },
    {
      "type": "Feature",
      "geometry": {
        "type": "Polygon",
        "coordinates": [
          [
            [
              -66.3239,
              7.6455
            ],
            [
              -66.4274,
              7.5916
            ],
            [
              -66.6026,
              7.3201
            ],
            [
              -66.8075,
              7.2531
            ],
            [
              -66.8709,
              7.1899
            ],
            [
              -67.0982,
              7.1266
            ],
            [
              -67.1466,
              7
            ],
            [
              -67.0572,
              6.8995
            ],
            [
              -67.0721,
              6.7505
            ],
            [
              -67.1243,
              6.6872
            ],
            [
              -67.1764,
              6.5381
            ],
            [
              -67.1801,
              6.4338
            ],
            [
              -67.2957,
              6.2958
            ],
            [
              -67.4497,
              6.1852
            ],
            [
              -67.648,
              6.2621
            ],
            [
              -67.8073,
              6.2844
            ],
            [
              -67.9079,
              6.2621
            ],
            [
              -67.9862,
              6.1893
            ],
            [
              -68.1411,
              6.2211
            ],
            [
              -68.3283,
              6.1655
            ],
            [
              -68.4152,
              6.1949
            ],
            [
              -68.6024,
              6.1698
            ],
            [
              -68.6472,
              6.1329
            ],
            [
              -68.8366,
              6.1838
            ],
            [
              -69.167,
              6.2229
            ],
            [
              -69.2506,
              6.0815
            ],
            [
              -69.3249,
              6.146
            ],
            [
              -69.4383,
              6.116
            ],
            [
              -69.4744,
              6.1921
            ],
            [
              -69.6645,
              6.3572
            ],
            [
              -69.6757,
              6.4326
            ],
            [
              -69.9663,
              6.7568
            ],
            [
              -70.1295,
              6.9948
            ],
            [
              -70.3527,
              6.9499
            ],
            [
              -70.3895,
              7.0032
            ],
            [
              -70.4901,
              7.0395
            ],
            [
              -70.5404,
              7.1065
            ],
            [
              -70.8869,
              7.1065
            ],
            [
              -71.0141,
              6.9902
            ],
            [
              -71.1133,
              7.0367
            ],
            [
              -71.5619,
              7.0424
            ],
            [
              -71.594,
              7.0842
            ],
            [
              -71.826,
              7.0199
            ],
            [
              -71.9909,
              7.0144
            ],
            [
              -72.1417,
              7.1707
            ],
            [
              -72.1734,
              7.2599
            ],
            [
              -72.1401,
              7.3521
            ],
            [
              -72.2212,
              7.4079
            ],
            [
              -72.352,
              7.4297
            ],
            [
              -72.1598,
              7.4696
            ],
            [
              -72.0741,
              7.399
            ],
            [
              -71.8878,
              7.4139
            ],
            [
              -71.8542,
              7.4882
            ],
            [
              -71.8523,
              7.4949
            ],
            [
              -71.7838,
              7.4949
            ],
            [
              -71.7055,
              7.4354
            ],
            [
              -71.5751,
              7.428
            ],
            [
              -71.3627,
              7.4503
            ],
            [
              -71.2286,
              7.4243
            ],
            [
              -71.154,
              7.3647
            ],
            [
              -70.9789,
              7.3164
            ],
            [
              -70.8395,
              7.3201
            ],
            [
              -70.7091,
              7.2903
            ],
            [
              -70.5787,
              7.335
            ],
            [
              -70.4892,
              7.4206
            ],
            [
              -70.3886,
              7.4615
            ],
            [
              -70.3402,
              7.6102
            ],
            [
              -70.1911,
              7.6325
            ],
            [
              -70.0719,
              7.7329
            ],
            [
              -69.9824,
              7.7366
            ],
            [
              -69.8706,
              7.8221
            ],
            [
              -69.77,
              7.8146
            ],
            [
              -69.4868,
              8.0264
            ],
            [
              -69.4011,
              8.0376
            ],
            [
              -69.1552,
              8.0227
            ],
            [
              -68.9949,
              7.9818
            ],
            [
              -68.8682,
              7.8964
            ],
            [
              -68.4919,
              7.9298
            ],
            [
              -68.354,
              7.9001
            ],
            [
              -68.2347,
              7.941
            ],
            [
              -67.8956,
              7.889
            ],
            [
              -67.7652,
              7.9038
            ],
            [
              -67.5837,
              7.9661
            ],
            [
              -67.5431,
              7.9194
            ],
            [
              -67.2152,
              7.7782
            ],
            [
              -66.9804,
              7.7634
            ],
            [
              -66.7009,
              7.6704
            ],
            [
              -66.6562,
              7.7559
            ],
            [
              -66.5183,
              7.7894
            ],
            [
              -66.3432,
              7.6667
            ],
            [
              -66.3239,
              7.6455
            ]
          ]
        ]
      },
      "properties": {
        "name": "Apure",
        "id": "VE-C",
        "CNTRY": "Venezuela",
        "TYPE": "State"
      },
      "id": "VE-C"
    },
    {
      "type": "Feature",
      "geometry": {
        "type": "Polygon",
        "coordinates": [
          [
            [
              -67.499,
              9.957
            ],
            [
              -67.5016,
              9.9612
            ],
            [
              -67.5519,
              9.9916
            ],
            [
              -67.6665,
              10.0027
            ],
            [
              -67.6748,
              10.0415
            ],
            [
              -67.6301,
              10.2824
            ],
            [
              -67.8481,
              10.3405
            ],
            [
              -67.8705,
              10.4069
            ],
            [
              -67.7912,
              10.4758
            ],
            [
              -67.3728,
              10.5231
            ],
            [
              -67.3568,
              10.4374
            ],
            [
              -67.16,
              10.4157
            ],
            [
              -67.1561,
              10.3211
            ],
            [
              -67.089,
              10.227
            ],
            [
              -67.0946,
              10.0997
            ],
            [
              -66.9745,
              10.0498
            ],
            [
              -66.9186,
              9.9944
            ],
            [
              -66.6156,
              9.9724
            ],
            [
              -66.5877,
              9.806
            ],
            [
              -66.6519,
              9.7311
            ],
            [
              -66.5737,
              9.6479
            ],
            [
              -66.5932,
              9.573
            ],
            [
              -66.5681,
              9.4537
            ],
            [
              -66.6771,
              9.2983
            ],
            [
              -66.9845,
              9.4426
            ],
            [
              -66.9985,
              9.512
            ],
            [
              -66.9007,
              9.5398
            ],
            [
              -66.8643,
              9.6479
            ],
            [
              -67.0097,
              9.7533
            ],
            [
              -67.1774,
              9.9058
            ],
            [
              -67.2528,
              9.9058
            ],
            [
              -67.3618,
              9.9639
            ],
            [
              -67.4988,
              9.9584
            ],
            [
              -67.499,
              9.957
            ]
          ]
        ]
      },
      "properties": {
        "name": "Aragua",
        "id": "VE-D",
        "CNTRY": "Venezuela",
        "TYPE": "State"
      },
      "id": "VE-D"
    },
    {
      "type": "Feature",
      "geometry": {
        "type": "Polygon",
        "coordinates": [
          [
            [
              -67.5837,
              7.9661
            ],
            [
              -67.7652,
              7.9038
            ],
            [
              -67.8956,
              7.889
            ],
            [
              -68.2347,
              7.941
            ],
            [
              -68.354,
              7.9001
            ],
            [
              -68.4919,
              7.9298
            ],
            [
              -68.8682,
              7.8964
            ],
            [
              -68.9949,
              7.9818
            ],
            [
              -69.1552,
              8.0227
            ],
            [
              -69.4011,
              8.0376
            ],
            [
              -69.4868,
              8.0264
            ],
            [
              -69.77,
              7.8146
            ],
            [
              -69.8706,
              7.8221
            ],
            [
              -69.9824,
              7.7366
            ],
            [
              -70.0719,
              7.7329
            ],
            [
              -70.1911,
              7.6325
            ],
            [
              -70.3402,
              7.6102
            ],
            [
              -70.3886,
              7.4615
            ],
            [
              -70.4892,
              7.4206
            ],
            [
              -70.5787,
              7.335
            ],
            [
              -70.7091,
              7.2903
            ],
            [
              -70.8395,
              7.3201
            ],
            [
              -70.9789,
              7.3164
            ],
            [
              -71.154,
              7.3647
            ],
            [
              -71.2286,
              7.4243
            ],
            [
              -71.3627,
              7.4503
            ],
            [
              -71.5751,
              7.428
            ],
            [
              -71.7055,
              7.4354
            ],
            [
              -71.7838,
              7.4949
            ],
            [
              -71.8523,
              7.4949
            ],
            [
              -71.8468,
              7.5143
            ],
            [
              -71.7462,
              7.5589
            ],
            [
              -71.4518,
              7.492
            ],
            [
              -71.3921,
              7.544
            ],
            [
              -71.4927,
              7.6296
            ],
            [
              -71.4763,
              7.7768
            ],
            [
              -71.281,
              7.8953
            ],
            [
              -71.1217,
              8.0402
            ],
            [
              -71.0127,
              8.1989
            ],
            [
              -71.0574,
              8.352
            ],
            [
              -70.9931,
              8.43
            ],
            [
              -70.9736,
              8.5496
            ],
            [
              -70.8087,
              8.7387
            ],
            [
              -70.7109,
              8.7749
            ],
            [
              -70.5767,
              8.875
            ],
            [
              -70.5339,
              8.9797
            ],
            [
              -70.4929,
              8.9845
            ],
            [
              -70.2693,
              9.0067
            ],
            [
              -70.1966,
              8.9845
            ],
            [
              -70.1612,
              8.979
            ],
            [
              -70.127,
              8.962
            ],
            [
              -70.0972,
              8.925
            ],
            [
              -70.0078,
              8.8546
            ],
            [
              -69.9072,
              8.7879
            ],
            [
              -69.7507,
              8.7211
            ],
            [
              -69.5904,
              8.7211
            ],
            [
              -69.4227,
              8.6321
            ],
            [
              -69.296,
              8.6247
            ],
            [
              -69.1172,
              8.4021
            ],
            [
              -69.1544,
              8.3428
            ],
            [
              -69.0016,
              8.2351
            ],
            [
              -68.8973,
              8.0977
            ],
            [
              -68.8041,
              8.0829
            ],
            [
              -68.793,
              8.2759
            ],
            [
              -68.6364,
              8.3762
            ],
            [
              -68.5656,
              8.5468
            ],
            [
              -68.5686,
              8.5972
            ],
            [
              -68.1282,
              8.5839
            ],
            [
              -68.048,
              8.5169
            ],
            [
              -67.9717,
              8.4096
            ],
            [
              -67.8636,
              8.3539
            ],
            [
              -67.7369,
              8.2128
            ],
            [
              -67.6363,
              8.172
            ],
            [
              -67.64,
              8.094
            ],
            [
              -67.5837,
              7.9661
            ]
          ]
        ]
      },
      "properties": {
        "name": "Barinas",
        "id": "VE-E",
        "CNTRY": "Venezuela",
        "TYPE": "State"
      },
      "id": "VE-E"
    },
    {
      "type": "Feature",
      "geometry": {
        "type": "Polygon",
        "coordinates": [
          [
            [
              -64.6202,
              4.2032
            ],
            [
              -64.6108,
              4.4008
            ],
            [
              -64.6518,
              4.5541
            ],
            [
              -64.8046,
              4.5653
            ],
            [
              -64.9723,
              4.6551
            ],
            [
              -65.1027,
              4.842
            ],
            [
              -65.2033,
              5.0176
            ],
            [
              -65.2741,
              5.2605
            ],
            [
              -65.1362,
              5.2904
            ],
            [
              -65.1139,
              5.3614
            ],
            [
              -65.1809,
              5.4099
            ],
            [
              -65.1399,
              5.5257
            ],
            [
              -65.2703,
              5.6638
            ],
            [
              -65.2219,
              5.731
            ],
            [
              -65.3002,
              5.787
            ],
            [
              -65.4306,
              5.787
            ],
            [
              -65.5238,
              5.6937
            ],
            [
              -65.6318,
              5.7609
            ],
            [
              -65.6355,
              5.8691
            ],
            [
              -65.5908,
              6.0668
            ],
            [
              -65.684,
              6.1302
            ],
            [
              -65.8293,
              6.0892
            ],
            [
              -65.8889,
              5.9512
            ],
            [
              -66.0007,
              5.8131
            ],
            [
              -66.1461,
              5.7833
            ],
            [
              -66.2579,
              5.7347
            ],
            [
              -66.3026,
              5.9139
            ],
            [
              -66.3622,
              5.9064
            ],
            [
              -66.5113,
              5.7646
            ],
            [
              -66.6193,
              5.7086
            ],
            [
              -66.8802,
              5.6937
            ],
            [
              -67.0479,
              5.6601
            ],
            [
              -67.182,
              5.6937
            ],
            [
              -67.1969,
              5.7907
            ],
            [
              -67.1559,
              5.9251
            ],
            [
              -67.1783,
              6.0743
            ],
            [
              -67.453,
              6.1526
            ],
            [
              -67.4497,
              6.1852
            ],
            [
              -67.2957,
              6.2958
            ],
            [
              -67.1801,
              6.4338
            ],
            [
              -67.1764,
              6.5381
            ],
            [
              -67.1243,
              6.6872
            ],
            [
              -67.0721,
              6.7505
            ],
            [
              -67.0572,
              6.8995
            ],
            [
              -67.1466,
              7
            ],
            [
              -67.0982,
              7.1266
            ],
            [
              -66.8709,
              7.1899
            ],
            [
              -66.8075,
              7.2531
            ],
            [
              -66.6026,
              7.3201
            ],
            [
              -66.4274,
              7.5916
            ],
            [
              -66.3239,
              7.6455
            ],
            [
              -66.3059,
              7.6258
            ],
            [
              -66.2351,
              7.6184
            ],
            [
              -66.1233,
              7.6816
            ],
            [
              -65.9855,
              7.6593
            ],
            [
              -65.8774,
              7.689
            ],
            [
              -65.7432,
              7.8488
            ],
            [
              -65.5495,
              7.8971
            ],
            [
              -65.4255,
              7.8631
            ],
            [
              -65.3275,
              7.849
            ],
            [
              -65.0564,
              7.7598
            ],
            [
              -64.9306,
              7.6511
            ],
            [
              -64.7741,
              7.6678
            ],
            [
              -64.6483,
              7.7515
            ],
            [
              -64.5533,
              7.757
            ],
            [
              -64.6064,
              7.9326
            ],
            [
              -64.5142,
              8.0106
            ],
            [
              -64.4136,
              7.9911
            ],
            [
              -64.2263,
              8.058
            ],
            [
              -64.0977,
              7.941
            ],
            [
              -63.9748,
              7.9271
            ],
            [
              -63.8909,
              7.98
            ],
            [
              -63.8155,
              8.0914
            ],
            [
              -63.6813,
              8.1583
            ],
            [
              -63.522,
              8.1499
            ],
            [
              -63.2593,
              8.3031
            ],
            [
              -63.2062,
              8.3559
            ],
            [
              -63.0944,
              8.3559
            ],
            [
              -62.8652,
              8.2919
            ],
            [
              -62.6925,
              8.4076
            ],
            [
              -62.6928,
              8.401
            ],
            [
              -62.5849,
              8.4704
            ],
            [
              -62.5625,
              8.381
            ],
            [
              -62.4452,
              8.2334
            ],
            [
              -62.2775,
              8.2334
            ],
            [
              -62.1321,
              8.1499
            ],
            [
              -62.0623,
              8.0218
            ],
            [
              -61.9645,
              7.9828
            ],
            [
              -61.889,
              8.0357
            ],
            [
              -61.7353,
              8.0385
            ],
            [
              -61.6486,
              7.8685
            ],
            [
              -61.5648,
              7.7989
            ],
            [
              -61.358,
              7.7487
            ],
            [
              -61.0589,
              7.9271
            ],
            [
              -60.9751,
              7.8936
            ],
            [
              -60.8996,
              7.7905
            ],
            [
              -60.7403,
              7.8797
            ],
            [
              -60.609,
              7.902
            ],
            [
              -60.3007,
              7.9077
            ],
            [
              -60.3728,
              7.848
            ],
            [
              -60.5231,
              7.8415
            ],
            [
              -60.5603,
              7.8045
            ],
            [
              -60.5976,
              7.6367
            ],
            [
              -60.7186,
              7.582
            ],
            [
              -60.7228,
              7.4984
            ],
            [
              -60.6188,
              7.3793
            ],
            [
              -60.6443,
              7.2652
            ],
            [
              -60.5651,
              7.1958
            ],
            [
              -60.3518,
              7.2023
            ],
            [
              -60.2876,
              7.1544
            ],
            [
              -60.2845,
              7.068
            ],
            [
              -60.3945,
              6.969
            ],
            [
              -60.5501,
              6.8622
            ],
            [
              -60.6346,
              6.8649
            ],
            [
              -60.7199,
              6.7742
            ],
            [
              -60.9054,
              6.8104
            ],
            [
              -61.0249,
              6.7365
            ],
            [
              -61.1145,
              6.7585
            ],
            [
              -61.2214,
              6.7349
            ],
            [
              -61.1727,
              6.6588
            ],
            [
              -61.1365,
              6.5127
            ],
            [
              -61.1349,
              6.1698
            ],
            [
              -61.3618,
              6.0033
            ],
            [
              -61.3876,
              5.9418
            ],
            [
              -61.1081,
              5.6538
            ],
            [
              -60.8641,
              5.3558
            ],
            [
              -60.6152,
              5.0846
            ],
            [
              -60.5912,
              4.9859
            ],
            [
              -60.7073,
              4.8318
            ],
            [
              -60.8954,
              4.7072
            ],
            [
              -60.9636,
              4.5633
            ],
            [
              -61.0752,
              4.5412
            ],
            [
              -61.2984,
              4.5633
            ],
            [
              -61.3079,
              4.4544
            ],
            [
              -61.4337,
              4.4544
            ],
            [
              -61.5044,
              4.4087
            ],
            [
              -61.5405,
              4.2824
            ],
            [
              -61.6977,
              4.2824
            ],
            [
              -61.8235,
              4.1735
            ],
            [
              -62.016,
              4.172
            ],
            [
              -62.1504,
              4.1137
            ],
            [
              -62.3964,
              4.1956
            ],
            [
              -62.5033,
              4.1325
            ],
            [
              -62.5662,
              4.0362
            ],
            [
              -62.6982,
              4.0425
            ],
            [
              -62.7862,
              3.9741
            ],
            [
              -62.7108,
              3.7513
            ],
            [
              -62.7636,
              3.643
            ],
            [
              -62.835,
              3.5902
            ],
            [
              -62.9268,
              3.604
            ],
            [
              -63.1498,
              3.8167
            ],
            [
              -63.3139,
              4.0017
            ],
            [
              -63.4025,
              3.9977
            ],
            [
              -63.4387,
              3.8966
            ],
            [
              -63.5159,
              3.9027
            ],
            [
              -63.5967,
              3.9822
            ],
            [
              -63.7091,
              3.9535
            ],
            [
              -63.8647,
              3.9535
            ],
            [
              -63.9651,
              3.8887
            ],
            [
              -64.0377,
              3.9229
            ],
            [
              -64.0649,
              4.0471
            ],
            [
              -64.1487,
              4.1208
            ],
            [
              -64.3887,
              4.1511
            ],
            [
              -64.5491,
              4.1292
            ],
            [
              -64.6202,
              4.2032
            ]
          ]
        ]
      },
      "properties": {
        "name": "Bolívar",
        "id": "VE-F",
        "CNTRY": "Venezuela",
        "TYPE": "State"
      },
      "id": "VE-F"
    },
    {
      "type": "Feature",
      "geometry": {
        "type": "Polygon",
        "coordinates": [
          [
            [
              -67.7912,
              10.4758
            ],
            [
              -67.8705,
              10.4069
            ],
            [
              -67.8481,
              10.3405
            ],
            [
              -67.6301,
              10.2824
            ],
            [
              -67.6748,
              10.0415
            ],
            [
              -67.6665,
              10.0027
            ],
            [
              -67.5519,
              9.9916
            ],
            [
              -67.5016,
              9.9612
            ],
            [
              -67.499,
              9.957
            ],
            [
              -67.5071,
              9.9085
            ],
            [
              -67.6553,
              9.8198
            ],
            [
              -67.7755,
              9.9085
            ],
            [
              -67.8314,
              9.8503
            ],
            [
              -67.9348,
              9.8198
            ],
            [
              -68.108,
              9.8836
            ],
            [
              -68.2254,
              9.9556
            ],
            [
              -68.217,
              10.1218
            ],
            [
              -68.3513,
              10.0135
            ],
            [
              -68.3931,
              10.1634
            ],
            [
              -68.34,
              10.2464
            ],
            [
              -68.3959,
              10.3433
            ],
            [
              -68.368,
              10.4761
            ],
            [
              -68.2046,
              10.5314
            ],
            [
              -68.1379,
              10.4643
            ],
            [
              -67.7912,
              10.4758
            ]
          ]
        ]
      },
      "properties": {
        "name": "Carabobo",
        "id": "VE-G",
        "CNTRY": "Venezuela",
        "TYPE": "State"
      },
      "id": "VE-G"
    },
    {
      "type": "Feature",
      "geometry": {
        "type": "Polygon",
        "coordinates": [
          [
            [
              -67.8314,
              9.8503
            ],
            [
              -67.7369,
              9.7023
            ],
            [
              -67.7816,
              9.6394
            ],
            [
              -67.9493,
              9.5581
            ],
            [
              -67.9158,
              9.4212
            ],
            [
              -67.9083,
              9.2805
            ],
            [
              -67.8561,
              9.1917
            ],
            [
              -67.8561,
              8.9954
            ],
            [
              -67.9679,
              8.8768
            ],
            [
              -68.035,
              8.7582
            ],
            [
              -68.0052,
              8.71
            ],
            [
              -68.0015,
              8.5505
            ],
            [
              -68.048,
              8.5169
            ],
            [
              -68.1282,
              8.5839
            ],
            [
              -68.5686,
              8.5972
            ],
            [
              -68.6476,
              8.6581
            ],
            [
              -68.6886,
              8.7397
            ],
            [
              -68.7631,
              8.773
            ],
            [
              -68.6029,
              8.862
            ],
            [
              -68.6551,
              9.0028
            ],
            [
              -68.6029,
              9.0843
            ],
            [
              -68.7259,
              9.2398
            ],
            [
              -68.8526,
              9.3435
            ],
            [
              -68.8563,
              9.4175
            ],
            [
              -68.9271,
              9.547
            ],
            [
              -68.9308,
              9.6209
            ],
            [
              -68.9987,
              9.7704
            ],
            [
              -68.9892,
              9.781
            ],
            [
              -68.9333,
              9.878
            ],
            [
              -68.9287,
              9.9957
            ],
            [
              -68.899,
              10
            ],
            [
              -68.8375,
              10.0194
            ],
            [
              -68.7145,
              9.9279
            ],
            [
              -68.5999,
              9.9944
            ],
            [
              -68.4825,
              9.9058
            ],
            [
              -68.3513,
              10.0135
            ],
            [
              -68.217,
              10.1218
            ],
            [
              -68.2254,
              9.9556
            ],
            [
              -68.108,
              9.8836
            ],
            [
              -67.9348,
              9.8198
            ],
            [
              -67.8314,
              9.8503
            ]
          ]
        ]
      },
      "properties": {
        "name": "Cojedes",
        "id": "VE-H",
        "CNTRY": "Venezuela",
        "TYPE": "State"
      },
      "id": "VE-H"
    },
    {
      "type": "Feature",
      "geometry": {
        "type": "Polygon",
        "coordinates": [
          [
            [
              -68.8514,
              10.6159
            ],
            [
              -68.9535,
              10.6796
            ],
            [
              -69.0289,
              10.6382
            ],
            [
              -69.2581,
              10.6851
            ],
            [
              -69.4621,
              10.663
            ],
            [
              -69.655,
              10.7487
            ],
            [
              -69.7528,
              10.6796
            ],
            [
              -69.8758,
              10.6824
            ],
            [
              -70.3481,
              10.5137
            ],
            [
              -70.5018,
              10.5054
            ],
            [
              -70.6248,
              10.4529
            ],
            [
              -70.7788,
              10.4471
            ],
            [
              -70.9015,
              10.4501
            ],
            [
              -70.9909,
              10.4971
            ],
            [
              -71.1055,
              10.6686
            ],
            [
              -71.0803,
              10.7543
            ],
            [
              -71.2932,
              10.9767
            ],
            [
              -71.0543,
              11.1175
            ],
            [
              -70.8344,
              11.2086
            ],
            [
              -70.5173,
              11.2454
            ],
            [
              -70.4555,
              11.2872
            ],
            [
              -70.179,
              11.3784
            ],
            [
              -70.1062,
              11.4464
            ],
            [
              -69.9492,
              11.5069
            ],
            [
              -69.8752,
              11.4372
            ],
            [
              -69.7385,
              11.4502
            ],
            [
              -69.7232,
              11.5371
            ],
            [
              -69.7883,
              11.6768
            ],
            [
              -70.0135,
              11.6475
            ],
            [
              -70.1888,
              11.6008
            ],
            [
              -70.219,
              11.6824
            ],
            [
              -70.191,
              11.7706
            ],
            [
              -70.2581,
              11.8421
            ],
            [
              -70.271,
              11.9259
            ],
            [
              -70.1714,
              12.1106
            ],
            [
              -70.0231,
              12.1947
            ],
            [
              -69.9186,
              12.1897
            ],
            [
              -69.8611,
              12.1408
            ],
            [
              -69.7807,
              11.9447
            ],
            [
              -69.7692,
              11.8127
            ],
            [
              -69.6389,
              11.5182
            ],
            [
              -69.5623,
              11.4767
            ],
            [
              -69.4321,
              11.5182
            ],
            [
              -69.369,
              11.4905
            ],
            [
              -69.2837,
              11.5312
            ],
            [
              -69.0452,
              11.454
            ],
            [
              -68.8525,
              11.4443
            ],
            [
              -68.558,
              11.2937
            ],
            [
              -68.4462,
              11.211
            ],
            [
              -68.2813,
              11.0067
            ],
            [
              -68.2779,
              10.8829
            ],
            [
              -68.3136,
              10.8072
            ],
            [
              -68.3037,
              10.6945
            ],
            [
              -68.2255,
              10.5628
            ],
            [
              -68.326,
              10.548
            ],
            [
              -68.5189,
              10.5591
            ],
            [
              -68.6083,
              10.6227
            ],
            [
              -68.6167,
              10.7001
            ],
            [
              -68.7648,
              10.6807
            ],
            [
              -68.8514,
              10.6159
            ]
          ]
        ]
      },
      "properties": {
        "name": "Falcón",
        "id": "VE-I",
        "CNTRY": "Venezuela",
        "TYPE": "State"
      },
      "id": "VE-I"
    },
    {
      "type": "Feature",
      "geometry": {
        "type": "Polygon",
        "coordinates": [
          [
            [
              -65.4255,
              7.8631
            ],
            [
              -65.5495,
              7.8971
            ],
            [
              -65.7432,
              7.8488
            ],
            [
              -65.8774,
              7.689
            ],
            [
              -65.9855,
              7.6593
            ],
            [
              -66.1233,
              7.6816
            ],
            [
              -66.2351,
              7.6184
            ],
            [
              -66.3059,
              7.6258
            ],
            [
              -66.3432,
              7.6667
            ],
            [
              -66.5183,
              7.7894
            ],
            [
              -66.6562,
              7.7559
            ],
            [
              -66.7009,
              7.6704
            ],
            [
              -66.9804,
              7.7634
            ],
            [
              -67.2152,
              7.7782
            ],
            [
              -67.5431,
              7.9194
            ],
            [
              -67.5837,
              7.9661
            ],
            [
              -67.64,
              8.094
            ],
            [
              -67.6363,
              8.172
            ],
            [
              -67.7369,
              8.2128
            ],
            [
              -67.8636,
              8.3539
            ],
            [
              -67.9717,
              8.4096
            ],
            [
              -68.048,
              8.5169
            ],
            [
              -68.0015,
              8.5505
            ],
            [
              -68.0052,
              8.71
            ],
            [
              -68.035,
              8.7582
            ],
            [
              -67.9679,
              8.8768
            ],
            [
              -67.8561,
              8.9954
            ],
            [
              -67.8561,
              9.1917
            ],
            [
              -67.9083,
              9.2805
            ],
            [
              -67.9158,
              9.4212
            ],
            [
              -67.9493,
              9.5581
            ],
            [
              -67.7816,
              9.6394
            ],
            [
              -67.7369,
              9.7023
            ],
            [
              -67.8314,
              9.8503
            ],
            [
              -67.7755,
              9.9085
            ],
            [
              -67.6553,
              9.8198
            ],
            [
              -67.5071,
              9.9085
            ],
            [
              -67.4988,
              9.9584
            ],
            [
              -67.3618,
              9.9639
            ],
            [
              -67.2528,
              9.9058
            ],
            [
              -67.1774,
              9.9058
            ],
            [
              -67.0097,
              9.7533
            ],
            [
              -66.8643,
              9.6479
            ],
            [
              -66.9007,
              9.5398
            ],
            [
              -66.9985,
              9.512
            ],
            [
              -66.9845,
              9.4426
            ],
            [
              -66.6771,
              9.2983
            ],
            [
              -66.5681,
              9.4537
            ],
            [
              -66.5932,
              9.573
            ],
            [
              -66.5737,
              9.6479
            ],
            [
              -66.6519,
              9.7311
            ],
            [
              -66.5877,
              9.806
            ],
            [
              -66.6156,
              9.9724
            ],
            [
              -66.5357,
              9.975
            ],
            [
              -66.3652,
              10.0415
            ],
            [
              -66.2646,
              9.9695
            ],
            [
              -65.9236,
              9.9556
            ],
            [
              -65.8593,
              9.9778
            ],
            [
              -65.7251,
              9.9337
            ],
            [
              -65.7282,
              9.9224
            ],
            [
              -65.6852,
              9.7977
            ],
            [
              -65.6964,
              9.6452
            ],
            [
              -65.66,
              9.5675
            ],
            [
              -65.551,
              9.5564
            ],
            [
              -65.4421,
              9.6036
            ],
            [
              -65.2045,
              9.4149
            ],
            [
              -65.3107,
              9.3261
            ],
            [
              -65.1794,
              9.1622
            ],
            [
              -65.0759,
              9.1345
            ],
            [
              -64.9725,
              9.0567
            ],
            [
              -64.9725,
              9.0011
            ],
            [
              -64.8048,
              8.9039
            ],
            [
              -64.7964,
              8.8149
            ],
            [
              -64.8551,
              8.6954
            ],
            [
              -64.953,
              8.7454
            ],
            [
              -65.1262,
              8.7426
            ],
            [
              -65.1738,
              8.6815
            ],
            [
              -65.157,
              8.5619
            ],
            [
              -65.2045,
              8.3949
            ],
            [
              -65.4001,
              8.1666
            ],
            [
              -65.484,
              8.0385
            ],
            [
              -65.4923,
              7.9103
            ],
            [
              -65.4255,
              7.8631
            ]
          ]
        ]
      },
      "properties": {
        "name": "Guárico",
        "id": "VE-J",
        "CNTRY": "Venezuela",
        "TYPE": "State"
      },
      "id": "VE-J"
    },
    {
      "type": "Feature",
      "geometry": {
        "type": "Polygon",
        "coordinates": [
          [
            [
              -68.9287,
              9.9957
            ],
            [
              -68.9333,
              9.878
            ],
            [
              -68.9892,
              9.781
            ],
            [
              -69.0116,
              9.7561
            ],
            [
              -69.0982,
              9.6923
            ],
            [
              -69.2408,
              9.7006
            ],
            [
              -69.2715,
              9.8503
            ],
            [
              -69.3721,
              9.7034
            ],
            [
              -69.6293,
              9.5398
            ],
            [
              -69.632,
              9.4149
            ],
            [
              -69.8137,
              9.3982
            ],
            [
              -69.8528,
              9.4399
            ],
            [
              -69.783,
              9.5481
            ],
            [
              -69.9255,
              9.5453
            ],
            [
              -69.9926,
              9.4843
            ],
            [
              -70.0094,
              9.4371
            ],
            [
              -70.1072,
              9.5564
            ],
            [
              -70.0317,
              9.7256
            ],
            [
              -70.177,
              9.8171
            ],
            [
              -70.2357,
              9.8032
            ],
            [
              -70.3699,
              9.8891
            ],
            [
              -70.518,
              9.8919
            ],
            [
              -70.518,
              9.9556
            ],
            [
              -70.6494,
              10.0221
            ],
            [
              -70.6918,
              9.9212
            ],
            [
              -70.691,
              9.9257
            ],
            [
              -70.7497,
              9.9312
            ],
            [
              -70.8922,
              10.0116
            ],
            [
              -70.895,
              10.0892
            ],
            [
              -70.705,
              10.2055
            ],
            [
              -70.6854,
              10.2996
            ],
            [
              -70.7497,
              10.3272
            ],
            [
              -70.7788,
              10.4471
            ],
            [
              -70.6248,
              10.4529
            ],
            [
              -70.5018,
              10.5054
            ],
            [
              -70.3481,
              10.5137
            ],
            [
              -69.8758,
              10.6824
            ],
            [
              -69.7528,
              10.6796
            ],
            [
              -69.655,
              10.7487
            ],
            [
              -69.4621,
              10.663
            ],
            [
              -69.2581,
              10.6851
            ],
            [
              -69.0289,
              10.6382
            ],
            [
              -68.9535,
              10.6796
            ],
            [
              -68.8514,
              10.6159
            ],
            [
              -68.9157,
              10.5508
            ],
            [
              -69.0052,
              10.5314
            ],
            [
              -69.0723,
              10.4263
            ],
            [
              -69.0247,
              10.3516
            ],
            [
              -68.9996,
              10.2215
            ],
            [
              -69.1114,
              10.2187
            ],
            [
              -69.2148,
              10.1052
            ],
            [
              -69.1281,
              10.0083
            ],
            [
              -69.1421,
              9.9085
            ],
            [
              -69.0611,
              9.8614
            ],
            [
              -69.0359,
              9.9445
            ],
            [
              -68.9381,
              9.9944
            ],
            [
              -68.9287,
              9.9957
            ]
          ]
        ]
      },
      "properties": {
        "name": "Lara",
        "id": "VE-K",
        "CNTRY": "Venezuela",
        "TYPE": "State"
      },
      "id": "VE-K"
    },
    {
      "type": "Feature",
      "geometry": {
        "type": "Polygon",
        "coordinates": [
          [
            [
              -70.5339,
              8.9797
            ],
            [
              -70.5767,
              8.875
            ],
            [
              -70.7109,
              8.7749
            ],
            [
              -70.8087,
              8.7387
            ],
            [
              -70.9736,
              8.5496
            ],
            [
              -70.9931,
              8.43
            ],
            [
              -71.0574,
              8.352
            ],
            [
              -71.0127,
              8.1989
            ],
            [
              -71.1217,
              8.0402
            ],
            [
              -71.281,
              7.8953
            ],
            [
              -71.4763,
              7.7768
            ],
            [
              -71.5409,
              7.8284
            ],
            [
              -71.5465,
              7.9844
            ],
            [
              -71.5996,
              8.0318
            ],
            [
              -71.7142,
              8.0374
            ],
            [
              -71.8232,
              8.1404
            ],
            [
              -71.9294,
              8.2073
            ],
            [
              -71.8232,
              8.3242
            ],
            [
              -71.7925,
              8.494
            ],
            [
              -71.8558,
              8.6333
            ],
            [
              -71.833,
              8.6409
            ],
            [
              -71.7184,
              8.6158
            ],
            [
              -71.6988,
              8.6965
            ],
            [
              -71.6178,
              8.7298
            ],
            [
              -71.2433,
              9.0272
            ],
            [
              -71.2729,
              9.1372
            ],
            [
              -71.1804,
              9.1939
            ],
            [
              -71.0602,
              9.0995
            ],
            [
              -70.9289,
              9.13
            ],
            [
              -70.8978,
              9.1277
            ],
            [
              -70.8897,
              9.1123
            ],
            [
              -70.859,
              9.1123
            ],
            [
              -70.7891,
              9.0789
            ],
            [
              -70.6661,
              8.9539
            ],
            [
              -70.627,
              9.0122
            ],
            [
              -70.5404,
              8.9789
            ],
            [
              -70.5339,
              8.9797
            ]
          ]
        ]
      },
      "properties": {
        "name": "Mérida",
        "id": "VE-L",
        "CNTRY": "Venezuela",
        "TYPE": "State"
      },
      "id": "VE-L"
    },
    {
      "type": "Feature",
      "geometry": {
        "type": "Polygon",
        "coordinates": [
          [
            [
              -65.7251,
              9.9337
            ],
            [
              -65.8593,
              9.9778
            ],
            [
              -65.9236,
              9.9556
            ],
            [
              -66.2646,
              9.9695
            ],
            [
              -66.3652,
              10.0415
            ],
            [
              -66.5357,
              9.975
            ],
            [
              -66.6156,
              9.9724
            ],
            [
              -66.9186,
              9.9944
            ],
            [
              -66.9745,
              10.0498
            ],
            [
              -67.0946,
              10.0997
            ],
            [
              -67.089,
              10.227
            ],
            [
              -67.1561,
              10.3211
            ],
            [
              -67.16,
              10.4157
            ],
            [
              -67.1348,
              10.4277
            ],
            [
              -67.0885,
              10.3848
            ],
            [
              -66.9851,
              10.3848
            ],
            [
              -66.8342,
              10.4706
            ],
            [
              -66.8285,
              10.5308
            ],
            [
              -66.7811,
              10.5259
            ],
            [
              -66.7056,
              10.5535
            ],
            [
              -66.3451,
              10.5397
            ],
            [
              -66.3337,
              10.6101
            ],
            [
              -66.2919,
              10.6419
            ],
            [
              -66.1887,
              10.5865
            ],
            [
              -66.1286,
              10.4973
            ],
            [
              -65.7955,
              10.2177
            ],
            [
              -65.5569,
              10.1753
            ],
            [
              -65.4432,
              10.1397
            ],
            [
              -65.5885,
              9.9972
            ],
            [
              -65.7199,
              9.9529
            ],
            [
              -65.7251,
              9.9337
            ]
          ]
        ]
      },
      "properties": {
        "name": "Miranda",
        "id": "VE-M",
        "CNTRY": "Venezuela",
        "TYPE": "State"
      },
      "id": "VE-M"
    },
    {
      "type": "Feature",
      "geometry": {
        "type": "Polygon",
        "coordinates": [
          [
            [
              -62.3734,
              9.7127
            ],
            [
              -62.4752,
              9.5684
            ],
            [
              -62.4305,
              9.4315
            ],
            [
              -62.4342,
              9.2835
            ],
            [
              -62.3596,
              9.228
            ],
            [
              -62.3485,
              9.0836
            ],
            [
              -62.1845,
              9.0428
            ],
            [
              -62.0876,
              9.0724
            ],
            [
              -62.069,
              8.8798
            ],
            [
              -62.0839,
              8.7871
            ],
            [
              -62.2702,
              8.5832
            ],
            [
              -62.3783,
              8.5201
            ],
            [
              -62.5849,
              8.4704
            ],
            [
              -62.6928,
              8.401
            ],
            [
              -62.69,
              8.4595
            ],
            [
              -63.003,
              8.5708
            ],
            [
              -63.0645,
              8.6292
            ],
            [
              -62.9723,
              8.7682
            ],
            [
              -63.2629,
              8.7404
            ],
            [
              -63.3552,
              8.9322
            ],
            [
              -63.52,
              9.0517
            ],
            [
              -63.6794,
              9.1906
            ],
            [
              -63.7772,
              9.235
            ],
            [
              -63.8918,
              9.2045
            ],
            [
              -63.9728,
              9.4071
            ],
            [
              -63.8498,
              9.5514
            ],
            [
              -63.8806,
              9.6513
            ],
            [
              -63.9449,
              9.715
            ],
            [
              -63.9253,
              9.8176
            ],
            [
              -63.9812,
              9.9118
            ],
            [
              -64.0567,
              9.9589
            ],
            [
              -64.0511,
              10.0393
            ],
            [
              -63.9455,
              10.0975
            ],
            [
              -63.7909,
              10.1501
            ],
            [
              -63.735,
              10.2082
            ],
            [
              -63.6036,
              10.211
            ],
            [
              -63.4806,
              10.2968
            ],
            [
              -63.2794,
              10.1833
            ],
            [
              -63.0754,
              10.1418
            ],
            [
              -62.9664,
              10.0587
            ],
            [
              -62.7875,
              10.0393
            ],
            [
              -62.6534,
              10.0531
            ],
            [
              -62.6264,
              10.1949
            ],
            [
              -62.5441,
              10.1995
            ],
            [
              -62.4977,
              10.1503
            ],
            [
              -62.4316,
              9.9056
            ],
            [
              -62.3685,
              9.8142
            ],
            [
              -62.3734,
              9.7127
            ]
          ]
        ]
      },
      "properties": {
        "name": "Monagas",
        "id": "VE-N",
        "CNTRY": "Venezuela",
        "TYPE": "State"
      },
      "id": "VE-N"
    },
    {
      "type": "Feature",
      "geometry": {
        "type": "Polygon",
        "coordinates": [
          [
            [
              -63.7909,
              10.9925
            ],
            [
              -63.8237,
              10.9385
            ],
            [
              -63.9701,
              10.8759
            ],
            [
              -64.075,
              10.8737
            ],
            [
              -64.1428,
              10.9299
            ],
            [
              -64.2826,
              10.9169
            ],
            [
              -64.3832,
              10.9644
            ],
            [
              -64.3482,
              11.04
            ],
            [
              -64.2083,
              11.0465
            ],
            [
              -64.1275,
              10.9817
            ],
            [
              -63.9985,
              11.0011
            ],
            [
              -63.9767,
              11.0659
            ],
            [
              -63.8521,
              11.1264
            ],
            [
              -63.7909,
              10.9925
            ]
          ]
        ]
      },
      "properties": {
        "name": "Nueva Esparta",
        "id": "VE-O",
        "CNTRY": "Venezuela",
        "TYPE": "State"
      },
      "id": "VE-O"
    },
    {
      "type": "Feature",
      "geometry": {
        "type": "Polygon",
        "coordinates": [
          [
            [
              -68.9987,
              9.7704
            ],
            [
              -68.9308,
              9.6209
            ],
            [
              -68.9271,
              9.547
            ],
            [
              -68.8563,
              9.4175
            ],
            [
              -68.8526,
              9.3435
            ],
            [
              -68.7259,
              9.2398
            ],
            [
              -68.6029,
              9.0843
            ],
            [
              -68.6551,
              9.0028
            ],
            [
              -68.6029,
              8.862
            ],
            [
              -68.7631,
              8.773
            ],
            [
              -68.6886,
              8.7397
            ],
            [
              -68.6476,
              8.6581
            ],
            [
              -68.5686,
              8.5972
            ],
            [
              -68.5656,
              8.5468
            ],
            [
              -68.6364,
              8.3762
            ],
            [
              -68.793,
              8.2759
            ],
            [
              -68.8041,
              8.0829
            ],
            [
              -68.8973,
              8.0977
            ],
            [
              -69.0016,
              8.2351
            ],
            [
              -69.1544,
              8.3428
            ],
            [
              -69.1172,
              8.4021
            ],
            [
              -69.296,
              8.6247
            ],
            [
              -69.4227,
              8.6321
            ],
            [
              -69.5904,
              8.7211
            ],
            [
              -69.7507,
              8.7211
            ],
            [
              -69.9072,
              8.7879
            ],
            [
              -70.0078,
              8.8546
            ],
            [
              -70.0972,
              8.925
            ],
            [
              -70.127,
              8.962
            ],
            [
              -70.1612,
              8.979
            ],
            [
              -70.1603,
              8.9789
            ],
            [
              -70.0764,
              9.0817
            ],
            [
              -70.0597,
              9.2067
            ],
            [
              -70.1323,
              9.2761
            ],
            [
              -70.0289,
              9.376
            ],
            [
              -70.0069,
              9.4439
            ],
            [
              -69.9926,
              9.4843
            ],
            [
              -69.9255,
              9.5453
            ],
            [
              -69.783,
              9.5481
            ],
            [
              -69.8528,
              9.4399
            ],
            [
              -69.8137,
              9.3982
            ],
            [
              -69.632,
              9.4149
            ],
            [
              -69.6293,
              9.5398
            ],
            [
              -69.3721,
              9.7034
            ],
            [
              -69.2715,
              9.8503
            ],
            [
              -69.2408,
              9.7006
            ],
            [
              -69.0982,
              9.6923
            ],
            [
              -69.0116,
              9.7561
            ],
            [
              -68.9987,
              9.7704
            ]
          ]
        ]
      },
      "properties": {
        "name": "Portuguesa",
        "id": "VE-P",
        "CNTRY": "Venezuela",
        "TYPE": "State"
      },
      "id": "VE-P"
    },
    {
      "type": "Feature",
      "geometry": {
        "type": "Polygon",
        "coordinates": [
          [
            [
              -62.6264,
              10.1949
            ],
            [
              -62.6534,
              10.0531
            ],
            [
              -62.7875,
              10.0393
            ],
            [
              -62.9664,
              10.0587
            ],
            [
              -63.0754,
              10.1418
            ],
            [
              -63.2794,
              10.1833
            ],
            [
              -63.4806,
              10.2968
            ],
            [
              -63.6036,
              10.211
            ],
            [
              -63.735,
              10.2082
            ],
            [
              -63.7909,
              10.1501
            ],
            [
              -63.9455,
              10.0975
            ],
            [
              -64.0703,
              10.1224
            ],
            [
              -64.1793,
              10.0781
            ],
            [
              -64.28,
              10.0781
            ],
            [
              -64.4253,
              10.1445
            ],
            [
              -64.4871,
              10.2424
            ],
            [
              -64.3498,
              10.3798
            ],
            [
              -64.2827,
              10.3881
            ],
            [
              -64.1978,
              10.4757
            ],
            [
              -64.0599,
              10.4245
            ],
            [
              -63.8216,
              10.4269
            ],
            [
              -63.8445,
              10.5297
            ],
            [
              -64.1576,
              10.5524
            ],
            [
              -64.2445,
              10.5116
            ],
            [
              -64.2926,
              10.6064
            ],
            [
              -63.8761,
              10.615
            ],
            [
              -63.8516,
              10.6431
            ],
            [
              -63.5433,
              10.6243
            ],
            [
              -63.3935,
              10.6576
            ],
            [
              -63.2671,
              10.6547
            ],
            [
              -63.2039,
              10.6973
            ],
            [
              -62.9816,
              10.7027
            ],
            [
              -62.8792,
              10.6803
            ],
            [
              -62.7499,
              10.7343
            ],
            [
              -62.4788,
              10.7242
            ],
            [
              -62.2328,
              10.6888
            ],
            [
              -61.8884,
              10.7256
            ],
            [
              -61.9743,
              10.6519
            ],
            [
              -62.258,
              10.6243
            ],
            [
              -62.3399,
              10.5289
            ],
            [
              -62.7068,
              10.5553
            ],
            [
              -62.8679,
              10.5221
            ],
            [
              -62.8473,
              10.4046
            ],
            [
              -62.7126,
              10.3989
            ],
            [
              -62.6839,
              10.3534
            ],
            [
              -62.6751,
              10.1777
            ],
            [
              -62.6264,
              10.1949
            ]
          ]
        ]
      },
      "properties": {
        "name": "Sucre",
        "id": "VE-R",
        "CNTRY": "Venezuela",
        "TYPE": "State"
      },
      "id": "VE-R"
    },
    {
      "type": "Feature",
      "geometry": {
        "type": "Polygon",
        "coordinates": [
          [
            [
              -71.4763,
              7.7768
            ],
            [
              -71.4927,
              7.6296
            ],
            [
              -71.3921,
              7.544
            ],
            [
              -71.4518,
              7.492
            ],
            [
              -71.7462,
              7.5589
            ],
            [
              -71.8468,
              7.5143
            ],
            [
              -71.8542,
              7.4882
            ],
            [
              -71.8878,
              7.4139
            ],
            [
              -72.0741,
              7.399
            ],
            [
              -72.1598,
              7.4696
            ],
            [
              -72.352,
              7.4297
            ],
            [
              -72.4643,
              7.4944
            ],
            [
              -72.4685,
              7.9179
            ],
            [
              -72.4392,
              8.0201
            ],
            [
              -72.3546,
              8.0451
            ],
            [
              -72.3805,
              8.1371
            ],
            [
              -72.3849,
              8.3343
            ],
            [
              -72.4398,
              8.3961
            ],
            [
              -72.336,
              8.4878
            ],
            [
              -72.2075,
              8.5518
            ],
            [
              -71.9615,
              8.5963
            ],
            [
              -71.8665,
              8.6297
            ],
            [
              -71.8558,
              8.6333
            ],
            [
              -71.7925,
              8.494
            ],
            [
              -71.8232,
              8.3242
            ],
            [
              -71.9294,
              8.2073
            ],
            [
              -71.8232,
              8.1404
            ],
            [
              -71.7142,
              8.0374
            ],
            [
              -71.5996,
              8.0318
            ],
            [
              -71.5465,
              7.9844
            ],
            [
              -71.5409,
              7.8284
            ],
            [
              -71.4763,
              7.7768
            ]
          ]
        ]
      },
      "properties": {
        "name": "Táchira",
        "id": "VE-S",
        "CNTRY": "Venezuela",
        "TYPE": "State"
      },
      "id": "VE-S"
    },
    {
      "type": "Feature",
      "geometry": {
        "type": "Polygon",
        "coordinates": [
          [
            [
              -70.0069,
              9.4439
            ],
            [
              -70.0289,
              9.376
            ],
            [
              -70.1323,
              9.2761
            ],
            [
              -70.0597,
              9.2067
            ],
            [
              -70.0764,
              9.0817
            ],
            [
              -70.1603,
              8.9789
            ],
            [
              -70.1966,
              8.9845
            ],
            [
              -70.2693,
              9.0067
            ],
            [
              -70.4929,
              8.9845
            ],
            [
              -70.5404,
              8.9789
            ],
            [
              -70.627,
              9.0122
            ],
            [
              -70.6661,
              8.9539
            ],
            [
              -70.7891,
              9.0789
            ],
            [
              -70.859,
              9.1123
            ],
            [
              -70.8897,
              9.1123
            ],
            [
              -70.8978,
              9.1277
            ],
            [
              -70.8925,
              9.1272
            ],
            [
              -70.8813,
              9.18
            ],
            [
              -70.9372,
              9.2994
            ],
            [
              -71.0675,
              9.3323
            ],
            [
              -71.0466,
              9.6348
            ],
            [
              -70.8531,
              9.6013
            ],
            [
              -70.7721,
              9.6651
            ],
            [
              -70.7441,
              9.7594
            ],
            [
              -70.6798,
              9.7677
            ],
            [
              -70.6966,
              9.8924
            ],
            [
              -70.6918,
              9.9212
            ],
            [
              -70.6494,
              10.0221
            ],
            [
              -70.518,
              9.9556
            ],
            [
              -70.518,
              9.8919
            ],
            [
              -70.3699,
              9.8891
            ],
            [
              -70.2357,
              9.8032
            ],
            [
              -70.177,
              9.8171
            ],
            [
              -70.0317,
              9.7256
            ],
            [
              -70.1072,
              9.5564
            ],
            [
              -70.0094,
              9.4371
            ],
            [
              -70.0069,
              9.4439
            ]
          ]
        ]
      },
      "properties": {
        "name": "Trujillo",
        "id": "VE-T",
        "CNTRY": "Venezuela",
        "TYPE": "State"
      },
      "id": "VE-T"
    },
    {
      "type": "Feature",
      "geometry": {
        "type": "Polygon",
        "coordinates": [
          [
            [
              -68.2255,
              10.5628
            ],
            [
              -68.2046,
              10.5314
            ],
            [
              -68.368,
              10.4761
            ],
            [
              -68.3959,
              10.3433
            ],
            [
              -68.34,
              10.2464
            ],
            [
              -68.3931,
              10.1634
            ],
            [
              -68.3513,
              10.0135
            ],
            [
              -68.4825,
              9.9058
            ],
            [
              -68.5999,
              9.9944
            ],
            [
              -68.7145,
              9.9279
            ],
            [
              -68.8375,
              10.0194
            ],
            [
              -68.899,
              10
            ],
            [
              -68.9381,
              9.9944
            ],
            [
              -69.0359,
              9.9445
            ],
            [
              -69.0611,
              9.8614
            ],
            [
              -69.1421,
              9.9085
            ],
            [
              -69.1281,
              10.0083
            ],
            [
              -69.2148,
              10.1052
            ],
            [
              -69.1114,
              10.2187
            ],
            [
              -68.9996,
              10.2215
            ],
            [
              -69.0247,
              10.3516
            ],
            [
              -69.0723,
              10.4263
            ],
            [
              -69.0052,
              10.5314
            ],
            [
              -68.9157,
              10.5508
            ],
            [
              -68.8514,
              10.6159
            ],
            [
              -68.7648,
              10.6807
            ],
            [
              -68.6167,
              10.7001
            ],
            [
              -68.6083,
              10.6227
            ],
            [
              -68.5189,
              10.5591
            ],
            [
              -68.326,
              10.548
            ],
            [
              -68.2255,
              10.5628
            ]
          ]
        ]
      },
      "properties": {
        "name": "Yaracuy",
        "id": "VE-U",
        "CNTRY": "Venezuela",
        "TYPE": "State"
      },
      "id": "VE-U"
    },
    {
      "type": "Feature",
      "geometry": {
        "type": "MultiPolygon",
        "coordinates": [
          [
            [
              [
                -71.2729,
                9.1372
              ],
              [
                -71.2433,
                9.0272
              ],
              [
                -71.6178,
                8.7298
              ],
              [
                -71.6988,
                8.6965
              ],
              [
                -71.7184,
                8.6158
              ],
              [
                -71.833,
                8.6409
              ],
              [
                -71.8665,
                8.6297
              ],
              [
                -71.9615,
                8.5963
              ],
              [
                -72.2075,
                8.5518
              ],
              [
                -72.336,
                8.4878
              ],
              [
                -72.4398,
                8.3961
              ],
              [
                -72.6488,
                8.6353
              ],
              [
                -72.7801,
                9.1411
              ],
              [
                -72.945,
                9.1356
              ],
              [
                -73.0188,
                9.2993
              ],
              [
                -73.2308,
                9.1684
              ],
              [
                -73.3869,
                9.1687
              ],
              [
                -73.2972,
                9.2855
              ],
              [
                -73.2944,
                9.3716
              ],
              [
                -73.2189,
                9.4771
              ],
              [
                -73.0905,
                9.6068
              ],
              [
                -72.9674,
                9.8792
              ],
              [
                -72.9863,
                9.9992
              ],
              [
                -72.9255,
                10.1174
              ],
              [
                -72.9283,
                10.2852
              ],
              [
                -72.9003,
                10.4042
              ],
              [
                -72.836,
                10.5425
              ],
              [
                -72.7131,
                10.6918
              ],
              [
                -72.7135,
                10.7678
              ],
              [
                -72.6424,
                10.8936
              ],
              [
                -72.5426,
                11.0067
              ],
              [
                -72.4869,
                11.11
              ],
              [
                -72.3068,
                11.1327
              ],
              [
                -72.1,
                11.522
              ],
              [
                -72.0234,
                11.624
              ],
              [
                -71.7366,
                11.732
              ],
              [
                -71.4515,
                11.7871
              ],
              [
                -71.3335,
                11.8502
              ],
              [
                -71.3147,
                11.7674
              ],
              [
                -71.4373,
                11.7108
              ],
              [
                -71.6288,
                11.6655
              ],
              [
                -71.7746,
                11.6596
              ],
              [
                -71.9008,
                11.6013
              ],
              [
                -71.9506,
                11.4955
              ],
              [
                -71.8578,
                11.232
              ],
              [
                -71.7438,
                11.0797
              ],
              [
                -71.6173,
                11.0419
              ],
              [
                -71.6874,
                10.9559
              ],
              [
                -71.6442,
                10.7845
              ],
              [
                -71.5616,
                10.7183
              ],
              [
                -71.5784,
                10.5663
              ],
              [
                -71.6577,
                10.4398
              ],
              [
                -71.7645,
                10.367
              ],
              [
                -71.834,
                10.2524
              ],
              [
                -71.8578,
                10.1484
              ],
              [
                -71.9736,
                10.0982
              ],
              [
                -71.9889,
                10.0223
              ],
              [
                -72.1342,
                9.8155
              ],
              [
                -71.9746,
                9.5998
              ],
              [
                -71.9197,
                9.4909
              ],
              [
                -71.742,
                9.373
              ],
              [
                -71.743,
                9.0979
              ],
              [
                -71.6327,
                9.0404
              ],
              [
                -71.506,
                9.0478
              ],
              [
                -71.2729,
                9.1372
              ]
            ]
          ],
          [
            [
              [
                -71.0675,
                9.3323
              ],
              [
                -70.9372,
                9.2994
              ],
              [
                -70.8813,
                9.18
              ],
              [
                -70.8925,
                9.1272
              ],
              [
                -70.9289,
                9.13
              ],
              [
                -71.0602,
                9.0995
              ],
              [
                -71.1804,
                9.1939
              ],
              [
                -71.1724,
                9.2724
              ],
              [
                -71.0675,
                9.3323
              ]
            ]
          ],
          [
            [
              [
                -71.2932,
                10.9767
              ],
              [
                -71.0803,
                10.7543
              ],
              [
                -71.1055,
                10.6686
              ],
              [
                -70.9909,
                10.4971
              ],
              [
                -70.9015,
                10.4501
              ],
              [
                -70.7788,
                10.4471
              ],
              [
                -70.7497,
                10.3272
              ],
              [
                -70.6854,
                10.2996
              ],
              [
                -70.705,
                10.2055
              ],
              [
                -70.895,
                10.0892
              ],
              [
                -70.8922,
                10.0116
              ],
              [
                -70.7497,
                9.9312
              ],
              [
                -70.691,
                9.9257
              ],
              [
                -70.6966,
                9.8924
              ],
              [
                -70.6798,
                9.7677
              ],
              [
                -70.7441,
                9.7594
              ],
              [
                -70.7721,
                9.6651
              ],
              [
                -70.8531,
                9.6013
              ],
              [
                -71.0466,
                9.6348
              ],
              [
                -71.0351,
                9.7299
              ],
              [
                -71.0734,
                9.859
              ],
              [
                -71.2039,
                9.9567
              ],
              [
                -71.2262,
                10.1008
              ],
              [
                -71.3258,
                10.1901
              ],
              [
                -71.4455,
                10.3667
              ],
              [
                -71.4411,
                10.5041
              ],
              [
                -71.5292,
                10.5534
              ],
              [
                -71.5141,
                10.6658
              ],
              [
                -71.5392,
                10.8123
              ],
              [
                -71.4722,
                10.8178
              ],
              [
                -71.399,
                10.8905
              ],
              [
                -71.4302,
                10.967
              ],
              [
                -71.2932,
                10.9767
              ]
            ]
          ]
        ]
      },
      "properties": {
        "name": "Zulia",
        "id": "VE-V",
        "CNTRY": "Venezuela",
        "TYPE": "State"
      },
      "id": "VE-V"
    },
    {
      "type": "Feature",
      "geometry": {
        "type": "MultiPolygon",
        "coordinates": [
          [
            [
              [
                -65.2939,
                10.9983
              ],
              [
                -65.186,
                10.9119
              ],
              [
                -65.2327,
                10.8543
              ],
              [
                -65.4221,
                10.8802
              ],
              [
                -65.3988,
                10.9896
              ],
              [
                -65.2939,
                10.9983
              ]
            ]
          ],
          [
            [
              [
                -66.1463,
                11.7488
              ],
              [
                -66.2512,
                11.8062
              ],
              [
                -66.0676,
                11.8837
              ],
              [
                -66.0501,
                11.7918
              ],
              [
                -66.1463,
                11.7488
              ]
            ]
          ],
          [
            [
              [
                -64.5755,
                11.7746
              ],
              [
                -64.663,
                11.8493
              ],
              [
                -64.5551,
                11.9009
              ],
              [
                -64.5289,
                11.8091
              ],
              [
                -64.5755,
                11.7746
              ]
            ]
          ],
          [
            [
              [
                -66.563,
                11.9267
              ],
              [
                -66.5485,
                11.8062
              ],
              [
                -66.598,
                11.7401
              ],
              [
                -66.8311,
                11.7488
              ],
              [
                -66.7874,
                11.8378
              ],
              [
                -66.834,
                11.944
              ],
              [
                -66.6242,
                11.9899
              ],
              [
                -66.563,
                11.9267
              ]
            ]
          ],
          [
            [
              [
                -67.583,
                12.0673
              ],
              [
                -67.5888,
                11.9813
              ],
              [
                -67.6762,
                11.9669
              ],
              [
                -67.7054,
                12.0243
              ],
              [
                -67.583,
                12.0673
              ]
            ]
          ]
        ]
      },
      "properties": {
        "name": "Dependencias Federales",
        "id": "VE-W",
        "CNTRY": "Venezuela",
        "TYPE": "Federal Dependency"
      },
      "id": "VE-W"
    },
    {
      "type": "Feature",
      "geometry": {
        "type": "Polygon",
        "coordinates": [
          [
            [
              -66.3337,
              10.6101
            ],
            [
              -66.3451,
              10.5397
            ],
            [
              -66.7056,
              10.5535
            ],
            [
              -66.7811,
              10.5259
            ],
            [
              -66.8342,
              10.5314
            ],
            [
              -67.0326,
              10.548
            ],
            [
              -67.1348,
              10.4277
            ],
            [
              -67.16,
              10.4157
            ],
            [
              -67.3568,
              10.4374
            ],
            [
              -67.3728,
              10.5231
            ],
            [
              -67.2301,
              10.5325
            ],
            [
              -67.011,
              10.6075
            ],
            [
              -66.7575,
              10.6348
            ],
            [
              -66.5564,
              10.6348
            ],
            [
              -66.3337,
              10.6101
            ]
          ]
        ]
      },
      "properties": {
        "name": "Vargas",
        "id": "VE-X",
        "CNTRY": "Venezuela",
        "TYPE": "State"
      },
      "id": "VE-X"
    },
    {
      "type": "Feature",
      "geometry": {
        "type": "MultiPolygon",
        "coordinates": [
          [
            [
              [
                -60.9386,
                8.7665
              ],
              [
                -61.0186,
                8.6663
              ],
              [
                -61.0926,
                8.7488
              ],
              [
                -61.0245,
                8.8136
              ],
              [
                -60.9386,
                8.7665
              ]
            ]
          ],
          [
            [
              [
                -60.9534,
                8.8519
              ],
              [
                -61.0215,
                8.9138
              ],
              [
                -60.9208,
                9.0081
              ],
              [
                -60.8793,
                8.9374
              ],
              [
                -60.9534,
                8.8519
              ]
            ]
          ],
          [
            [
              [
                -60.9378,
                9.2175
              ],
              [
                -60.9297,
                9.3083
              ],
              [
                -60.952,
                9.4283
              ],
              [
                -60.9006,
                9.4679
              ],
              [
                -60.7996,
                9.3295
              ],
              [
                -60.9378,
                9.2175
              ]
            ]
          ],
          [
            [
              [
                -60.3007,
                7.9077
              ],
              [
                -60.609,
                7.902
              ],
              [
                -60.7403,
                7.8797
              ],
              [
                -60.8996,
                7.7905
              ],
              [
                -60.9751,
                7.8936
              ],
              [
                -61.0589,
                7.9271
              ],
              [
                -61.358,
                7.7487
              ],
              [
                -61.5648,
                7.7989
              ],
              [
                -61.6486,
                7.8685
              ],
              [
                -61.7353,
                8.0385
              ],
              [
                -61.889,
                8.0357
              ],
              [
                -61.9645,
                7.9828
              ],
              [
                -62.0623,
                8.0218
              ],
              [
                -62.1321,
                8.1499
              ],
              [
                -62.2775,
                8.2334
              ],
              [
                -62.4452,
                8.2334
              ],
              [
                -62.5625,
                8.381
              ],
              [
                -62.5849,
                8.4704
              ],
              [
                -62.3783,
                8.5201
              ],
              [
                -62.2702,
                8.5832
              ],
              [
                -62.0839,
                8.7871
              ],
              [
                -62.069,
                8.8798
              ],
              [
                -62.0876,
                9.0724
              ],
              [
                -62.1845,
                9.0428
              ],
              [
                -62.3485,
                9.0836
              ],
              [
                -62.3596,
                9.228
              ],
              [
                -62.4342,
                9.2835
              ],
              [
                -62.4305,
                9.4315
              ],
              [
                -62.4752,
                9.5684
              ],
              [
                -62.3734,
                9.7127
              ],
              [
                -62.3164,
                9.8803
              ],
              [
                -62.251,
                9.9813
              ],
              [
                -62.1128,
                9.9945
              ],
              [
                -61.8534,
                9.7493
              ],
              [
                -61.8016,
                9.8284
              ],
              [
                -61.6098,
                9.7625
              ],
              [
                -61.6195,
                9.8911
              ],
              [
                -61.5044,
                9.8094
              ],
              [
                -61.3505,
                9.6207
              ],
              [
                -61.2063,
                9.5757
              ],
              [
                -60.9964,
                9.5491
              ],
              [
                -60.9445,
                9.3171
              ],
              [
                -61.0315,
                9.2044
              ],
              [
                -61.1065,
                9.1593
              ],
              [
                -61.0404,
                9.0294
              ],
              [
                -61.1404,
                8.9399
              ],
              [
                -61.1291,
                8.8242
              ],
              [
                -61.2147,
                8.6875
              ],
              [
                -61.2454,
                8.5814
              ],
              [
                -61.1291,
                8.4994
              ],
              [
                -61.0046,
                8.472
              ],
              [
                -60.9723,
                8.5814
              ],
              [
                -60.7246,
                8.6019
              ],
              [
                -60.636,
                8.5485
              ],
              [
                -60.4746,
                8.5256
              ],
              [
                -60.391,
                8.6297
              ],
              [
                -60.2449,
                8.6248
              ],
              [
                -60.0529,
                8.5734
              ],
              [
                -59.9058,
                8.4704
              ],
              [
                -59.8056,
                8.3337
              ],
              [
                -60.0044,
                8.1807
              ],
              [
                -60.0466,
                8.0344
              ],
              [
                -60.1024,
                8.0386
              ],
              [
                -60.2387,
                7.9688
              ],
              [
                -60.3007,
                7.9077
              ]
            ]
          ]
        ]
      },
      "properties": {
        "name": "Delta Amacuro",
        "id": "VE-Y",
        "CNTRY": "Venezuela",
        "TYPE": "State"
      },
      "id": "VE-Y"
    },
    {
      "type": "Feature",
      "geometry": {
        "type": "Polygon",
        "coordinates": [
          [
            [
              -64.6202,
              4.2032
            ],
            [
              -64.733,
              4.2789
            ],
            [
              -64.8108,
              4.2083
            ],
            [
              -64.7219,
              4.1415
            ],
            [
              -64.6355,
              3.963
            ],
            [
              -64.4551,
              3.7845
            ],
            [
              -64.3169,
              3.7158
            ],
            [
              -64.2179,
              3.6366
            ],
            [
              -64.176,
              3.5629
            ],
            [
              -64.2053,
              3.4049
            ],
            [
              -64.2053,
              3.1099
            ],
            [
              -64.0949,
              2.9876
            ],
            [
              -63.972,
              2.7543
            ],
            [
              -63.9692,
              2.611
            ],
            [
              -64.0111,
              2.5323
            ],
            [
              -63.9859,
              2.4592
            ],
            [
              -63.7931,
              2.403
            ],
            [
              -63.5905,
              2.4322
            ],
            [
              -63.3742,
              2.4175
            ],
            [
              -63.3096,
              2.2681
            ],
            [
              -63.3683,
              2.164
            ],
            [
              -63.5542,
              2.1275
            ],
            [
              -63.6897,
              2.0122
            ],
            [
              -63.8713,
              1.9897
            ],
            [
              -63.9748,
              1.9447
            ],
            [
              -64.0279,
              1.8378
            ],
            [
              -64.053,
              1.6016
            ],
            [
              -64.2291,
              1.4497
            ],
            [
              -64.3689,
              1.4891
            ],
            [
              -64.4834,
              1.4188
            ],
            [
              -64.6847,
              1.2421
            ],
            [
              -64.8279,
              1.277
            ],
            [
              -64.9949,
              1.1437
            ],
            [
              -65.1553,
              1.0951
            ],
            [
              -65.1877,
              0.913
            ],
            [
              -65.3358,
              0.8905
            ],
            [
              -65.4038,
              0.8161
            ],
            [
              -65.4365,
              0.6654
            ],
            [
              -65.5674,
              0.6636
            ],
            [
              -65.4923,
              0.7836
            ],
            [
              -65.4896,
              0.9045
            ],
            [
              -65.5315,
              0.9608
            ],
            [
              -65.7355,
              0.9665
            ],
            [
              -65.8753,
              0.8961
            ],
            [
              -65.9787,
              0.7751
            ],
            [
              -66.11,
              0.7245
            ],
            [
              -66.3196,
              0.7329
            ],
            [
              -66.5202,
              0.9114
            ],
            [
              -66.5572,
              0.9214
            ],
            [
              -66.8839,
              1.2234
            ],
            [
              -66.9177,
              1.349
            ],
            [
              -66.9373,
              1.5797
            ],
            [
              -66.982,
              1.6247
            ],
            [
              -67.1026,
              1.9496
            ],
            [
              -67.1148,
              2.0825
            ],
            [
              -67.193,
              2.2062
            ],
            [
              -67.1651,
              2.3327
            ],
            [
              -67.2902,
              2.4364
            ],
            [
              -67.33,
              2.507
            ],
            [
              -67.4944,
              2.6508
            ],
            [
              -67.5642,
              2.6532
            ],
            [
              -67.6284,
              2.7853
            ],
            [
              -67.8353,
              2.7965
            ],
            [
              -67.8744,
              2.819
            ],
            [
              -67.4635,
              3.1814
            ],
            [
              -67.2679,
              3.3696
            ],
            [
              -67.2735,
              3.437
            ],
            [
              -67.4216,
              3.5241
            ],
            [
              -67.4328,
              3.6701
            ],
            [
              -67.5418,
              3.7094
            ],
            [
              -67.6089,
              3.7684
            ],
            [
              -67.6787,
              3.9632
            ],
            [
              -67.6536,
              4.053
            ],
            [
              -67.7955,
              4.164
            ],
            [
              -67.8151,
              4.2293
            ],
            [
              -67.7905,
              4.3897
            ],
            [
              -67.8548,
              4.4851
            ],
            [
              -67.866,
              4.6253
            ],
            [
              -67.8297,
              4.6786
            ],
            [
              -67.8269,
              4.9898
            ],
            [
              -67.7905,
              5.0459
            ],
            [
              -67.8385,
              5.1288
            ],
            [
              -67.8297,
              5.3121
            ],
            [
              -67.6592,
              5.4381
            ],
            [
              -67.6229,
              5.4941
            ],
            [
              -67.6145,
              5.75
            ],
            [
              -67.4412,
              5.9739
            ],
            [
              -67.453,
              6.1526
            ],
            [
              -67.1783,
              6.0743
            ],
            [
              -67.1559,
              5.9251
            ],
            [
              -67.1969,
              5.7907
            ],
            [
              -67.182,
              5.6937
            ],
            [
              -67.0479,
              5.6601
            ],
            [
              -66.8802,
              5.6937
            ],
            [
              -66.6193,
              5.7086
            ],
            [
              -66.5113,
              5.7646
            ],
            [
              -66.3622,
              5.9064
            ],
            [
              -66.3026,
              5.9139
            ],
            [
              -66.2579,
              5.7347
            ],
            [
              -66.1461,
              5.7833
            ],
            [
              -66.0007,
              5.8131
            ],
            [
              -65.8889,
              5.9512
            ],
            [
              -65.8293,
              6.0892
            ],
            [
              -65.684,
              6.1302
            ],
            [
              -65.5908,
              6.0668
            ],
            [
              -65.6355,
              5.8691
            ],
            [
              -65.6318,
              5.7609
            ],
            [
              -65.5238,
              5.6937
            ],
            [
              -65.4306,
              5.787
            ],
            [
              -65.3002,
              5.787
            ],
            [
              -65.2219,
              5.731
            ],
            [
              -65.2703,
              5.6638
            ],
            [
              -65.1399,
              5.5257
            ],
            [
              -65.1809,
              5.4099
            ],
            [
              -65.1139,
              5.3614
            ],
            [
              -65.1362,
              5.2904
            ],
            [
              -65.2741,
              5.2605
            ],
            [
              -65.2033,
              5.0176
            ],
            [
              -65.1027,
              4.842
            ],
            [
              -64.9723,
              4.6551
            ],
            [
              -64.8046,
              4.5653
            ],
            [
              -64.6518,
              4.5541
            ],
            [
              -64.6108,
              4.4008
            ],
            [
              -64.6202,
              4.2032
            ]
          ]
        ]
      },
      "properties": {
        "name": "Amazonas",
        "id": "VE-Z",
        "CNTRY": "Venezuela",
        "TYPE": "State"
      },
      "id": "VE-Z"
    },
    {
      "type": "Feature",
      "geometry": {
        "type": "MultiPolygon",
        "coordinates": [
          [
            [
              [
                -56.481819,
                1.941614
              ],
              [
                -56.528509,
                1.924018
              ],
              [
                -56.55892,
                1.906655
              ],
              [
                -56.574862,
                1.905466
              ],
              [
                -56.590107,
                1.912985
              ],
              [
                -56.604421,
                1.924586
              ],
              [
                -56.620234,
                1.93456
              ],
              [
                -56.639561,
                1.93686
              ],
              [
                -56.656408,
                1.930064
              ],
              [
                -56.669663,
                1.919858
              ],
              [
                -56.683951,
                1.912107
              ],
              [
                -56.704105,
                1.91283
              ],
              [
                -56.724156,
                1.916137
              ],
              [
                -56.737643,
                1.912985
              ],
              [
                -56.780638,
                1.87906
              ],
              [
                -56.79273,
                1.87353
              ],
              [
                -56.806476,
                1.873582
              ],
              [
                -56.877635,
                1.885648
              ],
              [
                -56.890709,
                1.890196
              ],
              [
                -56.906832,
                1.903244
              ],
              [
                -56.913446,
                1.91283
              ],
              [
                -56.921921,
                1.918101
              ],
              [
                -56.943522,
                1.918256
              ],
              [
                -56.976853,
                1.914587
              ],
              [
                -56.993235,
                1.914845
              ],
              [
                -57.011167,
                1.918566
              ],
              [
                -57.03747,
                1.93239
              ],
              [
                -57.05597,
                1.948073
              ],
              [
                -57.067804,
                1.968692
              ],
              [
                -57.074057,
                1.997166
              ],
              [
                -57.104494,
                2.021454
              ],
              [
                -57.152915,
                2.002204
              ],
              [
                -57.238439,
                1.948539
              ],
              [
                -57.258645,
                1.952233
              ],
              [
                -57.294818,
                1.974842
              ],
              [
                -57.319416,
                1.977141
              ],
              [
                -57.341482,
                1.968847
              ],
              [
                -57.356158,
                1.955282
              ],
              [
                -57.368767,
                1.93965
              ],
              [
                -57.384529,
                1.925207
              ],
              [
                -57.405561,
                1.914277
              ],
              [
                -57.419514,
                1.909187
              ],
              [
                -57.429487,
                1.900299
              ],
              [
                -57.454292,
                1.833817
              ],
              [
                -57.464782,
                1.81573
              ],
              [
                -57.53129,
                1.731549
              ],
              [
                -57.561159,
                1.708967
              ],
              [
                -57.607874,
                1.697107
              ],
              [
                -57.63857,
                1.696177
              ],
              [
                -57.723113,
                1.711654
              ],
              [
                -57.758821,
                1.713462
              ],
              [
                -57.790757,
                1.704936
              ],
              [
                -57.871476,
                1.669253
              ],
              [
                -57.905376,
                1.648557
              ],
              [
                -57.922222,
                1.642485
              ],
              [
                -57.939017,
                1.643312
              ],
              [
                -57.969144,
                1.655481
              ],
              [
                -57.985009,
                1.657704
              ],
              [
                -57.991003,
                1.650417
              ],
              [
                -57.989763,
                1.634604
              ],
              [
                -57.983924,
                1.604115
              ],
              [
                -57.986973,
                1.586829
              ],
              [
                -57.993587,
                1.568484
              ],
              [
                -58.011157,
                1.536186
              ],
              [
                -58.027229,
                1.516859
              ],
              [
                -58.069138,
                1.509005
              ],
              [
                -58.116422,
                1.510555
              ],
              [
                -58.148616,
                1.519082
              ],
              [
                -58.155541,
                1.527376
              ],
              [
                -58.162879,
                1.549183
              ],
              [
                -58.170631,
                1.558821
              ],
              [
                -58.18727,
                1.567606
              ],
              [
                -58.197761,
                1.5659
              ],
              [
                -58.206959,
                1.559958
              ],
              [
                -58.219672,
                1.556056
              ],
              [
                -58.238585,
                1.556702
              ],
              [
                -58.260548,
                1.560319
              ],
              [
                -58.281993,
                1.566572
              ],
              [
                -58.299202,
                1.575176
              ],
              [
                -58.306333,
                1.582773
              ],
              [
                -58.316151,
                1.598896
              ],
              [
                -58.320492,
                1.601221
              ],
              [
                -58.331913,
                1.593392
              ],
              [
                -58.338734,
                1.580189
              ],
              [
                -58.344263,
                1.565487
              ],
              [
                -58.351395,
                1.553317
              ],
              [
                -58.360283,
                1.547374
              ],
              [
                -58.383124,
                1.53722
              ],
              [
                -58.390255,
                1.53076
              ],
              [
                -58.391702,
                1.520839
              ],
              [
                -58.385915,
                1.499729
              ],
              [
                -58.38638,
                1.490194
              ],
              [
                -58.413458,
                1.47203
              ],
              [
                -58.42643,
                1.469805
              ],
              [
                -58.498879,
                1.45738
              ],
              [
                -58.501754,
                1.453781
              ],
              [
                -58.513659,
                1.43888
              ],
              [
                -58.506993,
                1.418183
              ],
              [
                -58.488079,
                1.378883
              ],
              [
                -58.481723,
                1.358058
              ],
              [
                -58.481103,
                1.333873
              ],
              [
                -58.487614,
                1.316458
              ],
              [
                -58.51893,
                1.267262
              ],
              [
                -58.527146,
                1.266849
              ],
              [
                -58.535053,
                1.271551
              ],
              [
                -58.543063,
                1.274394
              ],
              [
                -58.542753,
                1.276357
              ],
              [
                -58.546732,
                1.28044
              ],
              [
                -58.552313,
                1.284626
              ],
              [
                -58.556964,
                1.286899
              ],
              [
                -58.561408,
                1.285142
              ],
              [
                -58.574172,
                1.275375
              ],
              [
                -58.580528,
                1.27274
              ],
              [
                -58.682589,
                1.282455
              ],
              [
                -58.69773,
                1.28106
              ],
              [
                -58.709202,
                1.272275
              ],
              [
                -58.736901,
                1.232329
              ],
              [
                -58.752817,
                1.214966
              ],
              [
                -58.771938,
                1.201271
              ],
              [
                -58.795967,
                1.191815
              ],
              [
                -58.815966,
                1.187267
              ],
              [
                -58.834001,
                1.18582
              ],
              [
                -58.852036,
                1.188714
              ],
              [
                -58.872138,
                1.197241
              ],
              [
                -58.897873,
                1.217808
              ],
              [
                -58.906451,
                1.23853
              ],
              [
                -58.911722,
                1.260234
              ],
              [
                -58.927484,
                1.284212
              ],
              [
                -58.945984,
                1.298992
              ],
              [
                -58.966499,
                1.310154
              ],
              [
                -58.972025,
                1.312311
              ],
              [
                -59.011096,
                1.327569
              ],
              [
                -59.177959,
                1.357128
              ],
              [
                -59.242141,
                1.377798
              ],
              [
                -59.259918,
                1.387436
              ],
              [
                -59.272424,
                1.404153
              ],
              [
                -59.293818,
                1.452109
              ],
              [
                -59.302189,
                1.462961
              ],
              [
                -59.320328,
                1.473529
              ],
              [
                -59.32472,
                1.490763
              ],
              [
                -59.326943,
                1.509521
              ],
              [
                -59.33857,
                1.524637
              ],
              [
                -59.347691,
                1.526032
              ],
              [
                -59.368025,
                1.520399
              ],
              [
                -59.380169,
                1.523345
              ],
              [
                -59.383864,
                1.527892
              ],
              [
                -59.39097,
                1.543654
              ],
              [
                -59.394639,
                1.549441
              ],
              [
                -59.399729,
                1.552025
              ],
              [
                -59.412105,
                1.553265
              ],
              [
                -59.416834,
                1.555281
              ],
              [
                -59.425877,
                1.565952
              ],
              [
                -59.445514,
                1.601015
              ],
              [
                -59.454764,
                1.611324
              ],
              [
                -59.486003,
                1.636077
              ],
              [
                -59.502823,
                1.657652
              ],
              [
                -59.530729,
                1.703075
              ],
              [
                -59.551477,
                1.720516
              ],
              [
                -59.572716,
                1.727157
              ],
              [
                -59.59057,
                1.724909
              ],
              [
                -59.607933,
                1.719999
              ],
              [
                -59.628164,
                1.718811
              ],
              [
                -59.639662,
                1.721756
              ],
              [
                -59.649817,
                1.727002
              ],
              [
                -59.658964,
                1.734081
              ],
              [
                -59.680849,
                1.757387
              ],
              [
                -59.682476,
                1.765604
              ],
              [
                -59.666483,
                1.787101
              ],
              [
                -59.645476,
                1.827693
              ],
              [
                -59.646458,
                1.839966
              ],
              [
                -59.649119,
                1.841362
              ],
              [
                -59.655475,
                1.839708
              ],
              [
                -59.667981,
                1.842705
              ],
              [
                -59.705576,
                1.857407
              ],
              [
                -59.717229,
                1.858053
              ],
              [
                -59.737512,
                1.850793
              ],
              [
                -59.749682,
                1.851309
              ],
              [
                -59.758751,
                1.862136
              ],
              [
                -59.763557,
                1.882574
              ],
              [
                -59.765133,
                1.904639
              ],
              [
                -59.764539,
                1.92053
              ],
              [
                -59.76087,
                1.931925
              ],
              [
                -59.748364,
                1.951252
              ],
              [
                -59.743816,
                1.961845
              ],
              [
                -59.742809,
                1.970966
              ],
              [
                -59.745341,
                1.997166
              ],
              [
                -59.743532,
                2.005667
              ],
              [
                -59.737796,
                2.022229
              ],
              [
                -59.737098,
                2.03042
              ],
              [
                -59.740406,
                2.041401
              ],
              [
                -59.751464,
                2.062253
              ],
              [
                -59.752963,
                2.075456
              ],
              [
                -59.749837,
                2.085972
              ],
              [
                -59.738571,
                2.103619
              ],
              [
                -59.735393,
                2.113516
              ],
              [
                -59.735858,
                2.123722
              ],
              [
                -59.744979,
                2.153513
              ],
              [
                -59.745754,
                2.190823
              ],
              [
                -59.740225,
                2.229477
              ],
              [
                -59.741698,
                2.263791
              ],
              [
                -59.763247,
                2.287975
              ],
              [
                -59.772264,
                2.290352
              ],
              [
                -59.79185,
                2.290869
              ],
              [
                -59.801203,
                2.292729
              ],
              [
                -59.813631,
                2.299189
              ],
              [
                -59.844249,
                2.325441
              ],
              [
                -59.884066,
                2.346008
              ],
              [
                -59.903135,
                2.359599
              ],
              [
                -59.913444,
                2.378719
              ],
              [
                -59.911816,
                2.387814
              ],
              [
                -59.901507,
                2.404506
              ],
              [
                -59.901817,
                2.415616
              ],
              [
                -59.904039,
                2.42621
              ],
              [
                -59.905073,
                2.447862
              ],
              [
                -59.906778,
                2.458766
              ],
              [
                -59.935846,
                2.523878
              ],
              [
                -59.939515,
                2.542998
              ],
              [
                -59.939231,
                2.555452
              ],
              [
                -59.940729,
                2.562997
              ],
              [
                -59.949023,
                2.579844
              ],
              [
                -59.953132,
                2.583926
              ],
              [
                -59.966025,
                2.58868
              ],
              [
                -59.970986,
                2.592556
              ],
              [
                -59.970262,
                2.59576
              ],
              [
                -59.965327,
                2.608059
              ],
              [
                -59.965043,
                2.613433
              ],
              [
                -59.996462,
                2.674773
              ],
              [
                -60.00008,
                2.694049
              ],
              [
                -59.993724,
                2.857294
              ],
              [
                -59.972975,
                2.939305
              ],
              [
                -59.970417,
                2.960441
              ],
              [
                -59.973983,
                3.017646
              ],
              [
                -59.969229,
                3.042709
              ],
              [
                -59.959385,
                3.066481
              ],
              [
                -59.932668,
                3.110044
              ],
              [
                -59.927371,
                3.114333
              ],
              [
                -59.920756,
                3.116762
              ],
              [
                -59.914865,
                3.119966
              ],
              [
                -59.91161,
                3.126425
              ],
              [
                -59.912695,
                3.133402
              ],
              [
                -59.920188,
                3.143995
              ],
              [
                -59.921557,
                3.150093
              ],
              [
                -59.918379,
                3.152832
              ],
              [
                -59.905719,
                3.154796
              ],
              [
                -59.903212,
                3.158671
              ],
              [
                -59.905434,
                3.165234
              ],
              [
                -59.913935,
                3.174639
              ],
              [
                -59.916855,
                3.181151
              ],
              [
                -59.916674,
                3.194173
              ],
              [
                -59.911506,
                3.201873
              ],
              [
                -59.904246,
                3.208229
              ],
              [
                -59.897631,
                3.217376
              ],
              [
                -59.884014,
                3.262541
              ],
              [
                -59.879622,
                3.272566
              ],
              [
                -59.853732,
                3.31538
              ],
              [
                -59.84319,
                3.349022
              ],
              [
                -59.839986,
                3.349874
              ],
              [
                -59.833682,
                3.350288
              ],
              [
                -59.826809,
                3.351941
              ],
              [
                -59.82177,
                3.356592
              ],
              [
                -59.820995,
                3.363491
              ],
              [
                -59.827093,
                3.376694
              ],
              [
                -59.828488,
                3.383412
              ],
              [
                -59.824044,
                3.431678
              ],
              [
                -59.841356,
                3.425399
              ],
              [
                -59.838539,
                3.443021
              ],
              [
                -59.821357,
                3.484388
              ],
              [
                -59.829547,
                3.509761
              ],
              [
                -59.847634,
                3.530457
              ],
              [
                -59.863034,
                3.552368
              ],
              [
                -59.862879,
                3.58172
              ],
              [
                -59.837661,
                3.60929
              ],
              [
                -59.755547,
                3.638125
              ],
              [
                -59.717642,
                3.673214
              ],
              [
                -59.69506,
                3.683058
              ],
              [
                -59.686223,
                3.690215
              ],
              [
                -59.680125,
                3.701687
              ],
              [
                -59.679557,
                3.710343
              ],
              [
                -59.680771,
                3.719154
              ],
              [
                -59.680151,
                3.731117
              ],
              [
                -59.671805,
                3.756232
              ],
              [
                -59.659119,
                3.768918
              ],
              [
                -59.618294,
                3.787186
              ],
              [
                -59.598606,
                3.802405
              ],
              [
                -59.595402,
                3.816538
              ],
              [
                -59.599717,
                3.833126
              ],
              [
                -59.602507,
                3.855683
              ],
              [
                -59.596332,
                3.875889
              ],
              [
                -59.581785,
                3.899195
              ],
              [
                -59.563155,
                3.918186
              ],
              [
                -59.544578,
                3.925705
              ],
              [
                -59.534708,
                3.9271
              ],
              [
                -59.52923,
                3.931906
              ],
              [
                -59.527654,
                3.939528
              ],
              [
                -59.529592,
                3.94945
              ],
              [
                -59.536826,
                3.957692
              ],
              [
                -59.548686,
                3.96193
              ],
              [
                -59.58039,
                3.967123
              ],
              [
                -59.590001,
                3.96671
              ],
              [
                -59.59628,
                3.970637
              ],
              [
                -59.595376,
                3.996372
              ],
              [
                -59.599717,
                4.002263
              ],
              [
                -59.605737,
                4.007147
              ],
              [
                -59.619819,
                4.032727
              ],
              [
                -59.653693,
                4.064197
              ],
              [
                -59.663253,
                4.079726
              ],
              [
                -59.6601,
                4.103187
              ],
              [
                -59.64899,
                4.119801
              ],
              [
                -59.646174,
                4.134038
              ],
              [
                -59.667361,
                4.150575
              ],
              [
                -59.71033,
                4.16445
              ],
              [
                -59.726737,
                4.176465
              ],
              [
                -59.738468,
                4.202768
              ],
              [
                -59.740431,
                4.213646
              ],
              [
                -59.740535,
                4.222327
              ],
              [
                -59.737951,
                4.240001
              ],
              [
                -59.735522,
                4.24584
              ],
              [
                -59.726608,
                4.2577
              ],
              [
                -59.724489,
                4.264056
              ],
              [
                -59.726556,
                4.270697
              ],
              [
                -59.736685,
                4.282091
              ],
              [
                -59.738468,
                4.286587
              ],
              [
                -59.727797,
                4.305294
              ],
              [
                -59.693613,
                4.340692
              ],
              [
                -59.687386,
                4.364463
              ],
              [
                -59.687115,
                4.371466
              ],
              [
                -59.68674,
                4.381181
              ],
              [
                -59.69046,
                4.384462
              ],
              [
                -59.701958,
                4.385651
              ],
              [
                -59.713508,
                4.389371
              ],
              [
                -59.722345,
                4.397717
              ],
              [
                -59.729915,
                4.407536
              ],
              [
                -59.737951,
                4.415571
              ],
              [
                -59.796268,
                4.448205
              ],
              [
                -59.809626,
                4.465749
              ],
              [
                -59.817688,
                4.456835
              ],
              [
                -59.82624,
                4.454613
              ],
              [
                -59.847634,
                4.460246
              ],
              [
                -59.852363,
                4.460762
              ],
              [
                -59.863241,
                4.460659
              ],
              [
                -59.867633,
                4.461977
              ],
              [
                -59.87169,
                4.46823
              ],
              [
                -59.868847,
                4.480916
              ],
              [
                -59.87293,
                4.484689
              ],
              [
                -59.885823,
                4.48474
              ],
              [
                -59.905279,
                4.475284
              ],
              [
                -59.914555,
                4.474353
              ],
              [
                -59.91993,
                4.479211
              ],
              [
                -59.934296,
                4.498254
              ],
              [
                -59.943313,
                4.503912
              ],
              [
                -59.953132,
                4.505876
              ],
              [
                -59.964681,
                4.506496
              ],
              [
                -59.974552,
                4.503706
              ],
              [
                -59.978892,
                4.495411
              ],
              [
                -59.984551,
                4.488797
              ],
              [
                -59.996979,
                4.490761
              ],
              [
                -60.020699,
                4.498874
              ],
              [
                -60.040181,
                4.495928
              ],
              [
                -60.055606,
                4.491587
              ],
              [
                -60.066251,
                4.494326
              ],
              [
                -60.071548,
                4.512542
              ],
              [
                -60.076871,
                4.519958
              ],
              [
                -60.087775,
                4.525539
              ],
              [
                -60.098601,
                4.526004
              ],
              [
                -60.103846,
                4.517994
              ],
              [
                -60.106197,
                4.506599
              ],
              [
                -60.112011,
                4.502155
              ],
              [
                -60.120925,
                4.502362
              ],
              [
                -60.132862,
                4.504868
              ],
              [
                -60.148779,
                4.513007
              ],
              [
                -60.159992,
                4.527787
              ],
              [
                -60.16485,
                4.546209
              ],
              [
                -60.161543,
                4.565201
              ],
              [
                -60.134826,
                4.593545
              ],
              [
                -60.126222,
                4.594992
              ],
              [
                -60.106146,
                4.595354
              ],
              [
                -60.097076,
                4.598558
              ],
              [
                -60.087697,
                4.607523
              ],
              [
                -60.084286,
                4.616929
              ],
              [
                -60.083201,
                4.627083
              ],
              [
                -60.080669,
                4.638323
              ],
              [
                -60.075631,
                4.650286
              ],
              [
                -60.047054,
                4.691756
              ],
              [
                -60.038475,
                4.708008
              ],
              [
                -60.032455,
                4.725423
              ],
              [
                -60.030078,
                4.744363
              ],
              [
                -60.034522,
                4.787797
              ],
              [
                -60.020466,
                4.83229
              ],
              [
                -60.01796,
                4.892235
              ],
              [
                -60.011009,
                4.921716
              ],
              [
                -60.003594,
                4.939829
              ],
              [
                -60.000209,
                4.958329
              ],
              [
                -59.999279,
                4.99688
              ],
              [
                -59.981502,
                5.057419
              ],
              [
                -59.983104,
                5.085944
              ],
              [
                -60.011009,
                5.100026
              ],
              [
                -60.055115,
                5.125089
              ],
              [
                -60.075734,
                5.140824
              ],
              [
                -60.088704,
                5.155394
              ],
              [
                -60.091237,
                5.158239
              ],
              [
                -60.123018,
                5.231852
              ],
              [
                -60.131725,
                5.243402
              ],
              [
                -60.176555,
                5.22715
              ],
              [
                -60.190947,
                5.23994
              ],
              [
                -60.2003,
                5.263452
              ],
              [
                -60.213426,
                5.267225
              ],
              [
                -60.255206,
                5.25645
              ],
              [
                -60.273732,
                5.247355
              ],
              [
                -60.314066,
                5.206918
              ],
              [
                -60.333083,
                5.193767
              ],
              [
                -60.354993,
                5.193173
              ],
              [
                -60.398944,
                5.208314
              ],
              [
                -60.419796,
                5.207228
              ],
              [
                -60.427418,
                5.200769
              ],
              [
                -60.439123,
                5.18139
              ],
              [
                -60.448967,
                5.174233
              ],
              [
                -60.456357,
                5.174698
              ],
              [
                -60.463126,
                5.180021
              ],
              [
                -60.470025,
                5.186868
              ],
              [
                -60.477492,
                5.191932
              ],
              [
                -60.497414,
                5.195937
              ],
              [
                -60.553844,
                5.188057
              ],
              [
                -60.568288,
                5.18971
              ],
              [
                -60.579398,
                5.194852
              ],
              [
                -60.589708,
                5.201208
              ],
              [
                -60.601774,
                5.206583
              ],
              [
                -60.613556,
                5.208934
              ],
              [
                -60.672959,
                5.213016
              ],
              [
                -60.695179,
                5.211931
              ],
              [
                -60.739854,
                5.202138
              ],
              [
                -60.816903,
                5.285079
              ],
              [
                -60.892661,
                5.368562
              ],
              [
                -60.968496,
                5.452071
              ],
              [
                -61.044254,
                5.535606
              ],
              [
                -61.120011,
                5.619115
              ],
              [
                -61.195821,
                5.702676
              ],
              [
                -61.271604,
                5.786108
              ],
              [
                -61.347362,
                5.869669
              ],
              [
                -61.379608,
                5.9053
              ],
              [
                -61.396713,
                5.945581
              ],
              [
                -61.386274,
                5.956588
              ],
              [
                -61.352762,
                5.975192
              ],
              [
                -61.338086,
                5.986793
              ],
              [
                -61.29119,
                6.061156
              ],
              [
                -61.278555,
                6.09304
              ],
              [
                -61.269382,
                6.107225
              ],
              [
                -61.256101,
                6.114382
              ],
              [
                -61.222925,
                6.120532
              ],
              [
                -61.206518,
                6.125777
              ],
              [
                -61.194477,
                6.132857
              ],
              [
                -61.184736,
                6.146008
              ],
              [
                -61.173987,
                6.17164
              ],
              [
                -61.16112,
                6.18288
              ],
              [
                -61.147348,
                6.18505
              ],
              [
                -61.132698,
                6.183551
              ],
              [
                -61.121562,
                6.186652
              ],
              [
                -61.118358,
                6.202568
              ],
              [
                -61.118048,
                6.216237
              ],
              [
                -61.112854,
                6.254141
              ],
              [
                -61.114792,
                6.264012
              ],
              [
                -61.117944,
                6.267241
              ],
              [
                -61.121355,
                6.269463
              ],
              [
                -61.124145,
                6.276233
              ],
              [
                -61.129081,
                6.283313
              ],
              [
                -61.146702,
                6.294216
              ],
              [
                -61.151973,
                6.303363
              ],
              [
                -61.159492,
                6.331268
              ],
              [
                -61.160913,
                6.342353
              ],
              [
                -61.154815,
                6.390567
              ],
              [
                -61.149932,
                6.404442
              ],
              [
                -61.141095,
                6.416457
              ],
              [
                -61.138977,
                6.424803
              ],
              [
                -61.138563,
                6.433071
              ],
              [
                -61.139752,
                6.441262
              ],
              [
                -61.142594,
                6.449427
              ],
              [
                -61.153472,
                6.464361
              ],
              [
                -61.163032,
                6.494282
              ],
              [
                -61.170861,
                6.509242
              ],
              [
                -61.186131,
                6.523324
              ],
              [
                -61.200084,
                6.531101
              ],
              [
                -61.20967,
                6.540971
              ],
              [
                -61.21197,
                6.561435
              ],
              [
                -61.204787,
                6.595826
              ],
              [
                -61.190188,
                6.632878
              ],
              [
                -61.170654,
                6.668509
              ],
              [
                -61.139312,
                6.70445
              ],
              [
                -61.12983,
                6.715844
              ],
              [
                -61.110968,
                6.719513
              ],
              [
                -61.089057,
                6.717498
              ],
              [
                -61.070402,
                6.711865
              ],
              [
                -61.061229,
                6.730081
              ],
              [
                -61.040068,
                6.726981
              ],
              [
                -61.018674,
                6.720444
              ],
              [
                -61.000251,
                6.73437
              ],
              [
                -60.954595,
                6.728738
              ],
              [
                -60.933821,
                6.731735
              ],
              [
                -60.928369,
                6.735869
              ],
              [
                -60.901239,
                6.76442
              ],
              [
                -60.899482,
                6.768554
              ],
              [
                -60.899069,
                6.776771
              ],
              [
                -60.901291,
                6.786021
              ],
              [
                -60.911161,
                6.800025
              ],
              [
                -60.913383,
                6.811213
              ],
              [
                -60.90757,
                6.815244
              ],
              [
                -60.894573,
                6.814159
              ],
              [
                -60.872404,
                6.808113
              ],
              [
                -60.865712,
                6.803307
              ],
              [
                -60.858529,
                6.79646
              ],
              [
                -60.849614,
                6.789948
              ],
              [
                -60.837625,
                6.786357
              ],
              [
                -60.828298,
                6.787132
              ],
              [
                -60.80525,
                6.792481
              ],
              [
                -60.79352,
                6.793824
              ],
              [
                -60.773056,
                6.788424
              ],
              [
                -60.736469,
                6.764782
              ],
              [
                -60.721534,
                6.759692
              ],
              [
                -60.700347,
                6.767082
              ],
              [
                -60.684146,
                6.784031
              ],
              [
                -60.655802,
                6.824572
              ],
              [
                -60.63955,
                6.837723
              ],
              [
                -60.620688,
                6.845888
              ],
              [
                -60.548728,
                6.863096
              ],
              [
                -60.420958,
                6.942213
              ],
              [
                -60.39419,
                6.948466
              ],
              [
                -60.377344,
                6.938544
              ],
              [
                -60.368093,
                6.988102
              ],
              [
                -60.359696,
                7.004897
              ],
              [
                -60.344581,
                7.017609
              ],
              [
                -60.327553,
                7.028564
              ],
              [
                -60.31342,
                7.040243
              ],
              [
                -60.303575,
                7.054144
              ],
              [
                -60.295798,
                7.070732
              ],
              [
                -60.291586,
                7.088302
              ],
              [
                -60.292336,
                7.105252
              ],
              [
                -60.299932,
                7.121013
              ],
              [
                -60.312825,
                7.132589
              ],
              [
                -60.347578,
                7.151916
              ],
              [
                -60.348273,
                7.152684
              ],
              [
                -60.360109,
                7.165765
              ],
              [
                -60.372021,
                7.172277
              ],
              [
                -60.385172,
                7.17331
              ],
              [
                -60.401476,
                7.170881
              ],
              [
                -60.415817,
                7.171346
              ],
              [
                -60.426746,
                7.176876
              ],
              [
                -60.437133,
                7.183749
              ],
              [
                -60.44951,
                7.188348
              ],
              [
                -60.475322,
                7.188503
              ],
              [
                -60.496613,
                7.180596
              ],
              [
                -60.512865,
                7.165197
              ],
              [
                -60.534905,
                7.125768
              ],
              [
                -60.548005,
                7.125509
              ],
              [
                -60.617639,
                7.18039
              ],
              [
                -60.628413,
                7.191138
              ],
              [
                -60.643064,
                7.220904
              ],
              [
                -60.643555,
                7.25067
              ],
              [
                -60.631101,
                7.277696
              ],
              [
                -60.606761,
                7.299452
              ],
              [
                -60.602239,
                7.306532
              ],
              [
                -60.599966,
                7.313922
              ],
              [
                -60.599862,
                7.32188
              ],
              [
                -60.601774,
                7.330148
              ],
              [
                -60.610559,
                7.343636
              ],
              [
                -60.622006,
                7.371541
              ],
              [
                -60.628982,
                7.384357
              ],
              [
                -60.636087,
                7.389834
              ],
              [
                -60.645157,
                7.3934
              ],
              [
                -60.653244,
                7.398464
              ],
              [
                -60.657275,
                7.408128
              ],
              [
                -60.656913,
                7.416551
              ],
              [
                -60.655828,
                7.422856
              ],
              [
                -60.656267,
                7.428798
              ],
              [
                -60.660634,
                7.436136
              ],
              [
                -60.674199,
                7.44549
              ],
              [
                -60.688126,
                7.448642
              ],
              [
                -60.700657,
                7.4535
              ],
              [
                -60.723834,
                7.495823
              ],
              [
                -60.729699,
                7.510344
              ],
              [
                -60.730578,
                7.525433
              ],
              [
                -60.716496,
                7.551582
              ],
              [
                -60.67115,
                7.566051
              ],
              [
                -60.655621,
                7.585223
              ],
              [
                -60.641488,
                7.610906
              ],
              [
                -60.631695,
                7.6246
              ],
              [
                -60.625158,
                7.629458
              ],
              [
                -60.610663,
                7.626822
              ],
              [
                -60.601257,
                7.63385
              ],
              [
                -60.597459,
                7.646718
              ],
              [
                -60.599862,
                7.661549
              ],
              [
                -60.584514,
                7.688524
              ],
              [
                -60.584411,
                7.699376
              ],
              [
                -60.587718,
                7.718341
              ],
              [
                -60.586995,
                7.727126
              ],
              [
                -60.582086,
                7.736325
              ],
              [
                -60.55958,
                7.763041
              ],
              [
                -60.53984,
                7.800093
              ],
              [
                -60.525758,
                7.813374
              ],
              [
                -60.503279,
                7.820867
              ],
              [
                -60.418504,
                7.819369
              ],
              [
                -60.37476,
                7.823606
              ],
              [
                -60.35042,
                7.841796
              ],
              [
                -60.34241,
                7.864792
              ],
              [
                -60.320344,
                7.884739
              ],
              [
                -60.271872,
                7.917761
              ],
              [
                -60.267998,
                7.921262
              ],
              [
                -60.253294,
                7.934556
              ],
              [
                -60.243011,
                7.950575
              ],
              [
                -60.231125,
                7.964114
              ],
              [
                -60.183092,
                7.982666
              ],
              [
                -60.165729,
                7.997032
              ],
              [
                -60.149786,
                8.013465
              ],
              [
                -60.129219,
                8.028813
              ],
              [
                -60.107903,
                8.035557
              ],
              [
                -60.068008,
                8.031759
              ],
              [
                -60.046485,
                8.032922
              ],
              [
                -60.029587,
                8.042818
              ],
              [
                -60.019458,
                8.06031
              ],
              [
                -60.011009,
                8.100437
              ],
              [
                -59.99933,
                8.115397
              ],
              [
                -59.998013,
                8.12705
              ],
              [
                -60.000545,
                8.138548
              ],
              [
                -60.000674,
                8.15294
              ],
              [
                -59.99331,
                8.168521
              ],
              [
                -59.967679,
                8.18839
              ],
              [
                -59.957059,
                8.200147
              ],
              [
                -59.939722,
                8.208441
              ],
              [
                -59.889751,
                8.219887
              ],
              [
                -59.869209,
                8.221127
              ],
              [
                -59.848461,
                8.227742
              ],
              [
                -59.829289,
                8.245105
              ],
              [
                -59.816654,
                8.267197
              ],
              [
                -59.815595,
                8.287764
              ],
              [
                -59.855618,
                8.352127
              ],
              [
                -59.959695,
                8.468166
              ],
              [
                -60.020985,
                8.55801
              ],
              [
                -60.001088,
                8.548896
              ],
              [
                -59.96817,
                8.527574
              ],
              [
                -59.932485,
                8.491767
              ],
              [
                -59.875315,
                8.405219
              ],
              [
                -59.837799,
                8.369289
              ],
              [
                -59.809397,
                8.354682
              ],
              [
                -59.760569,
                8.341498
              ],
              [
                -59.735422,
                8.328925
              ],
              [
                -59.680572,
                8.289211
              ],
              [
                -59.651845,
                8.273668
              ],
              [
                -59.622182,
                8.267524
              ],
              [
                -59.613108,
                8.252143
              ],
              [
                -59.611236,
                8.250149
              ],
              [
                -59.609853,
                8.242092
              ],
              [
                -59.605946,
                8.240302
              ],
              [
                -59.599721,
                8.240953
              ],
              [
                -59.543446,
                8.229478
              ],
              [
                -59.536122,
                8.22248
              ],
              [
                -59.52302,
                8.206488
              ],
              [
                -59.433746,
                8.130316
              ],
              [
                -59.456776,
                8.167222
              ],
              [
                -59.491689,
                8.201321
              ],
              [
                -59.533559,
                8.228909
              ],
              [
                -59.608632,
                8.259426
              ],
              [
                -59.700673,
                8.32274
              ],
              [
                -59.761301,
                8.355455
              ],
              [
                -59.769521,
                8.366523
              ],
              [
                -59.78185,
                8.394192
              ],
              [
                -59.77953,
                8.407131
              ],
              [
                -59.755849,
                8.410875
              ],
              [
                -59.739369,
                8.403632
              ],
              [
                -59.703969,
                8.375556
              ],
              [
                -59.663238,
                8.363471
              ],
              [
                -59.643381,
                8.350002
              ],
              [
                -59.611236,
                8.32274
              ],
              [
                -59.5454,
                8.283759
              ],
              [
                -59.454091,
                8.242621
              ],
              [
                -59.34789,
                8.166815
              ],
              [
                -59.165151,
                8.058743
              ],
              [
                -59.104807,
                8.013617
              ],
              [
                -59.090129,
                8.000027
              ],
              [
                -59.07543,
                7.980789
              ],
              [
                -59.021433,
                7.931002
              ],
              [
                -58.884752,
                7.778688
              ],
              [
                -58.833416,
                7.7383
              ],
              [
                -58.804193,
                7.696218
              ],
              [
                -58.778617,
                7.662364
              ],
              [
                -58.754053,
                7.612114
              ],
              [
                -58.73763,
                7.588334
              ],
              [
                -58.733918,
                7.594694
              ],
              [
                -58.743902,
                7.619352
              ],
              [
                -58.742004,
                7.630278
              ],
              [
                -58.728217,
                7.629295
              ],
              [
                -58.703434,
                7.620963
              ],
              [
                -58.682377,
                7.603534
              ],
              [
                -58.663163,
                7.585201
              ],
              [
                -58.646717,
                7.565057
              ],
              [
                -58.630292,
                7.540351
              ],
              [
                -58.609315,
                7.506495
              ],
              [
                -58.584055,
                7.475775
              ],
              [
                -58.56818,
                7.453341
              ],
              [
                -58.489735,
                7.376125
              ],
              [
                -58.471588,
                7.345404
              ],
              [
                -58.464223,
                7.312201
              ],
              [
                -58.474192,
                7.279975
              ],
              [
                -58.467356,
                7.287421
              ],
              [
                -58.472524,
                7.244452
              ],
              [
                -58.467356,
                7.116116
              ],
              [
                -58.485015,
                7.01081
              ],
              [
                -58.497385,
                6.994818
              ],
              [
                -58.519602,
                6.977647
              ],
              [
                -58.535634,
                6.965277
              ],
              [
                -58.550689,
                6.947089
              ],
              [
                -58.561594,
                6.927232
              ],
              [
                -58.568186,
                6.906806
              ],
              [
                -58.574045,
                6.868394
              ],
              [
                -58.597727,
                6.808295
              ],
              [
                -58.599843,
                6.787258
              ],
              [
                -58.597727,
                6.721625
              ],
              [
                -58.599843,
                6.71133
              ],
              [
                -58.609202,
                6.69892
              ],
              [
                -58.611399,
                6.687812
              ],
              [
                -58.611399,
                6.509711
              ],
              [
                -58.617014,
                6.488145
              ],
              [
                -58.619944,
                6.476874
              ],
              [
                -58.686431,
                6.382473
              ],
              [
                -58.68224,
                6.379828
              ],
              [
                -58.679596,
                6.376207
              ],
              [
                -58.648834,
                6.404202
              ],
              [
                -58.638661,
                6.410346
              ],
              [
                -58.63561,
                6.414374
              ],
              [
                -58.632924,
                6.420071
              ],
              [
                -58.628896,
                6.423326
              ],
              [
                -58.615387,
                6.417385
              ],
              [
                -58.606801,
                6.416327
              ],
              [
                -58.602149,
                6.416564
              ],
              [
                -58.601999,
                6.416571
              ],
              [
                -58.59024,
                6.417222
              ],
              [
                -58.597727,
                6.423407
              ],
              [
                -58.581166,
                6.463446
              ],
              [
                -58.577219,
                6.594713
              ],
              [
                -58.567006,
                6.636705
              ],
              [
                -58.461537,
                6.821845
              ],
              [
                -58.434885,
                6.857815
              ],
              [
                -58.398427,
                6.883368
              ],
              [
                -58.3544,
                6.894355
              ],
              [
                -58.312164,
                6.892157
              ],
              [
                -58.273834,
                6.88052
              ],
              [
                -58.214101,
                6.849189
              ],
              [
                -58.194488,
                6.830959
              ],
              [
                -58.189565,
                6.828111
              ],
              [
                -58.186513,
                6.82453
              ],
              [
                -58.178212,
                6.817572
              ],
              [
                -58.173695,
                6.815375
              ],
              [
                -58.169667,
                6.813422
              ],
              [
                -58.165679,
                6.817857
              ],
              [
                -58.162221,
                6.829535
              ],
              [
                -58.153717,
                6.832221
              ],
              [
                -58.067863,
                6.821703
              ],
              [
                -58.005675,
                6.791758
              ],
              [
                -57.985813,
                6.775223
              ],
              [
                -57.956055,
                6.752912
              ],
              [
                -57.918597,
                6.716303
              ],
              [
                -57.891891,
                6.696442
              ],
              [
                -57.838075,
                6.645302
              ],
              [
                -57.806138,
                6.613178
              ],
              [
                -57.796986,
                6.598147
              ],
              [
                -57.778857,
                6.590347
              ],
              [
                -57.756981,
                6.567701
              ],
              [
                -57.699625,
                6.521615
              ],
              [
                -57.667939,
                6.495933
              ],
              [
                -57.646819,
                6.477809
              ],
              [
                -57.633253,
                6.463473
              ],
              [
                -57.618175,
                6.448377
              ],
              [
                -57.598578,
                6.427246
              ],
              [
                -57.577992,
                6.37816
              ],
              [
                -57.547622,
                6.307145
              ],
              [
                -57.536673,
                6.293163
              ],
              [
                -57.533522,
                6.273656
              ],
              [
                -57.528913,
                6.265709
              ],
              [
                -57.520427,
                6.277993
              ],
              [
                -57.518692,
                6.287131
              ],
              [
                -57.517042,
                6.298223
              ],
              [
                -57.517037,
                6.315076
              ],
              [
                -57.504192,
                6.32904
              ],
              [
                -57.494261,
                6.334822
              ],
              [
                -57.490633,
                6.338921
              ],
              [
                -57.48607,
                6.339505
              ],
              [
                -57.46637,
                6.337906
              ],
              [
                -57.445591,
                6.330366
              ],
              [
                -57.428945,
                6.322751
              ],
              [
                -57.408801,
                6.312765
              ],
              [
                -57.377431,
                6.294338
              ],
              [
                -57.365044,
                6.287484
              ],
              [
                -57.330466,
                6.264392
              ],
              [
                -57.289824,
                6.234739
              ],
              [
                -57.207494,
                6.151378
              ],
              [
                -57.18666,
                6.121188
              ],
              [
                -57.167307,
                6.08511
              ],
              [
                -57.158437,
                6.044379
              ],
              [
                -57.155357,
                6.019667
              ],
              [
                -57.151888,
                6.007803
              ],
              [
                -57.146752,
                5.99759
              ],
              [
                -57.144436,
                5.989022
              ],
              [
                -57.143613,
                5.977985
              ],
              [
                -57.158315,
                5.998928
              ],
              [
                -57.165761,
                6.005683
              ],
              [
                -57.147926,
                5.969916
              ],
              [
                -57.141965,
                5.955742
              ],
              [
                -57.141684,
                5.934178
              ],
              [
                -57.140004,
                5.917914
              ],
              [
                -57.137259,
                5.882092
              ],
              [
                -57.153676,
                5.847113
              ],
              [
                -57.158193,
                5.828599
              ],
              [
                -57.165435,
                5.811347
              ],
              [
                -57.170021,
                5.799622
              ],
              [
                -57.170615,
                5.779036
              ],
              [
                -57.180676,
                5.754928
              ],
              [
                -57.183055,
                5.73141
              ],
              [
                -57.159573,
                5.692912
              ],
              [
                -57.161518,
                5.638906
              ],
              [
                -57.173329,
                5.607473
              ],
              [
                -57.185658,
                5.587348
              ],
              [
                -57.196929,
                5.564765
              ],
              [
                -57.24767,
                5.491848
              ],
              [
                -57.24767,
                5.484931
              ],
              [
                -57.25694,
                5.464086
              ],
              [
                -57.260092,
                5.448196
              ],
              [
                -57.261229,
                5.42675
              ],
              [
                -57.265208,
                5.403366
              ],
              [
                -57.275491,
                5.387398
              ],
              [
                -57.324119,
                5.33859
              ],
              [
                -57.332284,
                5.327867
              ],
              [
                -57.335695,
                5.316886
              ],
              [
                -57.331715,
                5.30761
              ],
              [
                -57.322827,
                5.30761
              ],
              [
                -57.308409,
                5.313475
              ],
              [
                -57.298332,
                5.311021
              ],
              [
                -57.292028,
                5.311331
              ],
              [
                -57.288824,
                5.30854
              ],
              [
                -57.287274,
                5.238699
              ],
              [
                -57.285465,
                5.230819
              ],
              [
                -57.280452,
                5.225341
              ],
              [
                -57.271667,
                5.222861
              ],
              [
                -57.263037,
                5.223997
              ],
              [
                -57.256423,
                5.228287
              ],
              [
                -57.253787,
                5.234927
              ],
              [
                -57.264019,
                5.247045
              ],
              [
                -57.269187,
                5.256709
              ],
              [
                -57.26743,
                5.266295
              ],
              [
                -57.259007,
                5.271204
              ],
              [
                -57.247638,
                5.271772
              ],
              [
                -57.237613,
                5.268723
              ],
              [
                -57.233324,
                5.262574
              ],
              [
                -57.232522,
                5.260572
              ],
              [
                -57.225727,
                5.243609
              ],
              [
                -57.192396,
                5.203172
              ],
              [
                -57.184903,
                5.183147
              ],
              [
                -57.189812,
                5.16922
              ],
              [
                -57.202008,
                5.157619
              ],
              [
                -57.217769,
                5.14855
              ],
              [
                -57.233324,
                5.142116
              ],
              [
                -57.23875,
                5.162012
              ],
              [
                -57.247276,
                5.172373
              ],
              [
                -57.259937,
                5.1763
              ],
              [
                -57.277714,
                5.17692
              ],
              [
                -57.288979,
                5.171029
              ],
              [
                -57.295542,
                5.157206
              ],
              [
                -57.302208,
                5.128474
              ],
              [
                -57.317091,
                5.094755
              ],
              [
                -57.320192,
                5.083412
              ],
              [
                -57.321432,
                5.070157
              ],
              [
                -57.316936,
                5.058969
              ],
              [
                -57.280452,
                5.026103
              ],
              [
                -57.290478,
                5.020289
              ],
              [
                -57.298694,
                5.021116
              ],
              [
                -57.306497,
                5.024449
              ],
              [
                -57.315231,
                5.026103
              ],
              [
                -57.329442,
                5.024087
              ],
              [
                -57.338072,
                5.020754
              ],
              [
                -57.345513,
                5.01662
              ],
              [
                -57.35621,
                5.012434
              ],
              [
                -57.381377,
                5.005742
              ],
              [
                -57.460493,
                4.997629
              ],
              [
                -57.47734,
                4.992487
              ],
              [
                -57.490259,
                4.99135
              ],
              [
                -57.496873,
                4.994657
              ],
              [
                -57.512221,
                5.009153
              ],
              [
                -57.517596,
                5.012434
              ],
              [
                -57.543279,
                5.011091
              ],
              [
                -57.566223,
                5.007086
              ],
              [
                -57.610096,
                4.99135
              ],
              [
                -57.64937,
                5.008429
              ],
              [
                -57.686939,
                5.006259
              ],
              [
                -57.720477,
                4.9898
              ],
              [
                -57.747297,
                4.964013
              ],
              [
                -57.762335,
                4.93554
              ],
              [
                -57.773962,
                4.926445
              ],
              [
                -57.798457,
                4.92306
              ],
              [
                -57.810963,
                4.92554
              ],
              [
                -57.820575,
                4.930294
              ],
              [
                -57.830238,
                4.933059
              ],
              [
                -57.842795,
                4.929881
              ],
              [
                -57.85034,
                4.922801
              ],
              [
                -57.870701,
                4.888928
              ],
              [
                -57.884188,
                4.872262
              ],
              [
                -57.90243,
                4.852728
              ],
              [
                -57.918501,
                4.829758
              ],
              [
                -57.925374,
                4.796142
              ],
              [
                -57.91783,
                4.782371
              ],
              [
                -57.901138,
                4.773922
              ],
              [
                -57.88455,
                4.762863
              ],
              [
                -57.871166,
                4.721728
              ],
              [
                -57.844346,
                4.687519
              ],
              [
                -57.836026,
                4.669845
              ],
              [
                -57.837421,
                4.65088
              ],
              [
                -57.845431,
                4.633517
              ],
              [
                -57.863311,
                4.60773
              ],
              [
                -57.879124,
                4.556829
              ],
              [
                -57.896074,
                4.52851
              ],
              [
                -57.914471,
                4.484069
              ],
              [
                -57.92186,
                4.450944
              ],
              [
                -57.931317,
                4.437844
              ],
              [
                -57.942789,
                4.425106
              ],
              [
                -57.952659,
                4.409732
              ],
              [
                -57.956639,
                4.391438
              ],
              [
                -57.953486,
                4.375703
              ],
              [
                -57.94806,
                4.360484
              ],
              [
                -57.94527,
                4.343922
              ],
              [
                -57.947388,
                4.318756
              ],
              [
                -57.953848,
                4.299015
              ],
              [
                -57.964958,
                4.282039
              ],
              [
                -58.052033,
                4.193104
              ],
              [
                -58.065934,
                4.171839
              ],
              [
                -58.067691,
                4.151143
              ],
              [
                -58.055082,
                4.108071
              ],
              [
                -58.042008,
                4.023037
              ],
              [
                -58.032138,
                3.987716
              ],
              [
                -58.007902,
                3.957279
              ],
              [
                -57.942117,
                3.905447
              ],
              [
                -57.925839,
                3.886405
              ],
              [
                -57.875145,
                3.812197
              ],
              [
                -57.853854,
                3.76667
              ],
              [
                -57.849617,
                3.747473
              ],
              [
                -57.846929,
                3.702101
              ],
              [
                -57.840987,
                3.680991
              ],
              [
                -57.829773,
                3.662439
              ],
              [
                -57.813133,
                3.651845
              ],
              [
                -57.764247,
                3.631588
              ],
              [
                -57.72611,
                3.607197
              ],
              [
                -57.722493,
                3.599962
              ],
              [
                -57.71748,
                3.582444
              ],
              [
                -57.709522,
                3.56769
              ],
              [
                -57.708643,
                3.564125
              ],
              [
                -57.707351,
                3.560662
              ],
              [
                -57.702856,
                3.555676
              ],
              [
                -57.697998,
                3.553609
              ],
              [
                -57.687249,
                3.552162
              ],
              [
                -57.685131,
                3.549164
              ],
              [
                -57.681255,
                3.547304
              ],
              [
                -57.660429,
                3.535186
              ],
              [
                -57.644048,
                3.51666
              ],
              [
                -57.645495,
                3.498987
              ],
              [
                -57.660688,
                3.469505
              ],
              [
                -57.660533,
                3.462994
              ],
              [
                -57.658362,
                3.450617
              ],
              [
                -57.658931,
                3.443899
              ],
              [
                -57.663995,
                3.425839
              ],
              [
                -57.664615,
                3.417544
              ],
              [
                -57.662548,
                3.40708
              ],
              [
                -57.658207,
                3.39522
              ],
              [
                -57.654848,
                3.39013
              ],
              [
                -57.649939,
                3.385944
              ],
              [
                -57.641464,
                3.38243
              ],
              [
                -57.613249,
                3.376643
              ],
              [
                -57.596402,
                3.367237
              ],
              [
                -57.596193,
                3.367121
              ],
              [
                -57.565138,
                3.349822
              ],
              [
                -57.554234,
                3.346748
              ],
              [
                -57.545036,
                3.348143
              ],
              [
                -57.535269,
                3.36778
              ],
              [
                -57.522401,
                3.365248
              ],
              [
                -57.509637,
                3.357677
              ],
              [
                -57.503901,
                3.353336
              ],
              [
                -57.49584,
                3.352975
              ],
              [
                -57.487985,
                3.351528
              ],
              [
                -57.482042,
                3.348556
              ],
              [
                -57.479717,
                3.343389
              ],
              [
                -57.476254,
                3.338945
              ],
              [
                -57.468761,
                3.343182
              ],
              [
                -57.461682,
                3.349978
              ],
              [
                -57.459201,
                3.353336
              ],
              [
                -57.430934,
                3.360623
              ],
              [
                -57.423958,
                3.369382
              ],
              [
                -57.425043,
                3.387495
              ],
              [
                -57.393469,
                3.373826
              ],
              [
                -57.366752,
                3.36561
              ],
              [
                -57.340035,
                3.370157
              ],
              [
                -57.308409,
                3.39491
              ],
              [
                -57.283553,
                3.343802
              ],
              [
                -57.280452,
                3.329772
              ],
              [
                -57.282778,
                3.295045
              ],
              [
                -57.284225,
                3.288793
              ],
              [
                -57.292493,
                3.276287
              ],
              [
                -57.290271,
                3.267967
              ],
              [
                -57.284018,
                3.25975
              ],
              [
                -57.280452,
                3.247813
              ],
              [
                -57.281744,
                3.235928
              ],
              [
                -57.287119,
                3.21536
              ],
              [
                -57.287946,
                3.203113
              ],
              [
                -57.285672,
                3.192106
              ],
              [
                -57.274923,
                3.169007
              ],
              [
                -57.277714,
                3.156914
              ],
              [
                -57.284173,
                3.148956
              ],
              [
                -57.286033,
                3.142393
              ],
              [
                -57.274923,
                3.13428
              ],
              [
                -57.264898,
                3.132626
              ],
              [
                -57.254976,
                3.13583
              ],
              [
                -57.246243,
                3.141618
              ],
              [
                -57.239473,
                3.147871
              ],
              [
                -57.237613,
                3.144874
              ],
              [
                -57.237406,
                3.143995
              ],
              [
                -57.236734,
                3.143478
              ],
              [
                -57.233324,
                3.14167
              ],
              [
                -57.248568,
                3.112369
              ],
              [
                -57.239473,
                3.094128
              ],
              [
                -57.222213,
                3.078263
              ],
              [
                -57.21286,
                3.056042
              ],
              [
                -57.211774,
                3.048342
              ],
              [
                -57.20702,
                3.035681
              ],
              [
                -57.205987,
                3.028137
              ],
              [
                -57.209242,
                3.024054
              ],
              [
                -57.223247,
                3.024778
              ],
              [
                -57.226451,
                3.021264
              ],
              [
                -57.224694,
                3.009171
              ],
              [
                -57.2218,
                3.000438
              ],
              [
                -57.22118,
                2.992583
              ],
              [
                -57.226451,
                2.983385
              ],
              [
                -57.234615,
                2.970362
              ],
              [
                -57.221851,
                2.963024
              ],
              [
                -57.188623,
                2.95951
              ],
              [
                -57.183818,
                2.944679
              ],
              [
                -57.194721,
                2.930623
              ],
              [
                -57.210328,
                2.918221
              ],
              [
                -57.219629,
                2.908299
              ],
              [
                -57.206348,
                2.856571
              ],
              [
                -57.202266,
                2.846236
              ],
              [
                -57.194256,
                2.841998
              ],
              [
                -57.191052,
                2.832593
              ],
              [
                -57.186608,
                2.82324
              ],
              [
                -57.174619,
                2.818951
              ],
              [
                -57.165266,
                2.821069
              ],
              [
                -57.145215,
                2.830423
              ],
              [
                -57.133381,
                2.832593
              ],
              [
                -57.126405,
                2.82603
              ],
              [
                -57.143665,
                2.790012
              ],
              [
                -57.13705,
                2.77115
              ],
              [
                -57.133743,
                2.773424
              ],
              [
                -57.099533,
                2.778591
              ],
              [
                -57.08987,
                2.773889
              ],
              [
                -57.092144,
                2.763037
              ],
              [
                -57.099016,
                2.750376
              ],
              [
                -57.102944,
                2.740454
              ],
              [
                -57.097725,
                2.72738
              ],
              [
                -57.071886,
                2.700095
              ],
              [
                -57.061964,
                2.68175
              ],
              [
                -57.05597,
                2.642372
              ],
              [
                -57.048012,
                2.636481
              ],
              [
                -57.027238,
                2.648212
              ],
              [
                -57.020468,
                2.635447
              ],
              [
                -57.023155,
                2.623665
              ],
              [
                -57.02791,
                2.610591
              ],
              [
                -57.027238,
                2.59359
              ],
              [
                -57.02238,
                2.584546
              ],
              [
                -56.997111,
                2.555142
              ],
              [
                -56.995302,
                2.547856
              ],
              [
                -57.000573,
                2.514163
              ],
              [
                -56.994113,
                2.504861
              ],
              [
                -56.980006,
                2.509719
              ],
              [
                -56.959593,
                2.524705
              ],
              [
                -56.951274,
                2.515455
              ],
              [
                -56.952617,
                2.504551
              ],
              [
                -56.957526,
                2.493492
              ],
              [
                -56.959593,
                2.483777
              ],
              [
                -56.956364,
                2.470031
              ],
              [
                -56.951635,
                2.461246
              ],
              [
                -56.935073,
                2.445898
              ],
              [
                -56.930241,
                2.436183
              ],
              [
                -56.932024,
                2.425796
              ],
              [
                -56.938458,
                2.41143
              ],
              [
                -56.930836,
                2.393292
              ],
              [
                -56.89505,
                2.362079
              ],
              [
                -56.883887,
                2.339755
              ],
              [
                -56.88443,
                2.303736
              ],
              [
                -56.880141,
                2.294796
              ],
              [
                -56.870865,
                2.290146
              ],
              [
                -56.847792,
                2.285856
              ],
              [
                -56.838877,
                2.281102
              ],
              [
                -56.826191,
                2.261672
              ],
              [
                -56.816346,
                2.217592
              ],
              [
                -56.80875,
                2.195784
              ],
              [
                -56.801464,
                2.165967
              ],
              [
                -56.70519,
                2.029645
              ],
              [
                -56.677802,
                2.018405
              ],
              [
                -56.579772,
                2.016803
              ],
              [
                -56.542074,
                1.997166
              ],
              [
                -56.536493,
                1.988639
              ],
              [
                -56.529387,
                1.981792
              ],
              [
                -56.520964,
                1.976728
              ],
              [
                -56.499983,
                1.969984
              ],
              [
                -56.491198,
                1.962905
              ],
              [
                -56.4851,
                1.953215
              ],
              [
                -56.481819,
                1.941614
              ]
            ]
          ],
          [
            [
              [
                -58.37857,
                6.972113
              ],
              [
                -58.333608,
                6.965277
              ],
              [
                -58.334706,
                6.961005
              ],
              [
                -58.391021,
                6.919867
              ],
              [
                -58.441029,
                6.904771
              ],
              [
                -58.46052,
                6.883368
              ],
              [
                -58.46349,
                6.900295
              ],
              [
                -58.457509,
                6.923041
              ],
              [
                -58.447011,
                6.943061
              ],
              [
                -58.431752,
                6.954657
              ],
              [
                -58.422515,
                6.968329
              ],
              [
                -58.418935,
                6.972113
              ],
              [
                -58.409657,
                6.973619
              ],
              [
                -58.37857,
                6.972113
              ]
            ]
          ]
        ]
      },
      "properties": {
        "name": "Zona en Reclamación",
        "id": "VE-Z",
        "CNTRY": "Venezuela",
        "TYPE": "State"
      },
      "id": "VE-Z"
    }
  ]
}